studentID,difNLOC,difCCN,submissions,Window,Total.Time.Spent,atv
10169,0.049202128,0.050324675,0.194805195,1.41E-05,0.021943075,454
10170,0.293144208,0.324675325,0.025974026,1,0.098028303,454
10171,0.170212766,0.24025974,0.038961039,2.18E-05,0.03386866,454
10172,0.446808511,0.493506494,0.012987013,3.59E-06,0.005565273,454
10174,0.087234043,0.088311688,0.116883117,7.88E-05,0.122356495,454
10175,0.285460993,0.409090909,0.038961039,0.002614832,0.107409763,454
10176,0.029719689,0.035250464,0.25974026,0.015782741,0.156861186,454
10178,0.492907801,0.493506494,0.012987013,0.000187699,0.291302274,454
10179,0.068794326,0.088311688,0.116883117,5.14E-05,0.079742407,454
10181,1,1,0,1.18E-05,0.018285896,454
10183,0.087234043,0.088311688,0.116883117,0.004396287,0.065749722,454
10184,0.117527862,0.131725418,0.077922078,0.047341153,0.148751789,454
10185,1,1,0,0,0,454
10186,0.446808511,0.493506494,0.012987013,8.40E-06,0.013038639,454
10187,0.216312057,0.24025974,0.038961039,0.248839531,0.010256003,454
10188,0.108747045,0.155844156,0.064935065,5.24E-05,0.081252981,454
10189,0.38534279,0.437229437,0.025974026,3.59E-05,0.055732231,454
10190,0.446808511,0.493506494,0.012987013,4.56E-05,0.070758467,454
10191,0.446808511,0.493506494,0.012987013,4.66E-05,0.072348545,454
10192,0.064842958,0.059369202,0.168831169,5.30E-05,0.082286532,454
10193,0.078014184,0.0995671,0.103896104,5.93E-05,0.091986007,454
10196,0.02006079,0.025602969,0.441558442,0.294471461,0.32286532,454
10197,0.124113475,0.155844156,0.064935065,8.60E-05,0.133487041,454
10198,0.143870314,0.179962894,0.077922078,0.021324538,0.333439339,454
10199,0.139479905,0.155844156,0.064935065,7.94E-06,0.012323104,454
10200,0.139479905,0.155844156,0.064935065,0.02240089,0.365240897,454
10201,0.039193729,0.040328093,0.233766234,8.81E-05,0.136746701,454
10202,0,0,1,0.384365944,1,454
10203,0.036524823,0.037662338,0.246753247,0.07727538,0.180950867,454
10204,0.098502758,0.0995671,0.103896104,0.061621375,0.477420894,454
10206,0.354609929,0.324675325,0.025974026,4.50E-05,0.069883924,454
10208,0.40070922,0.493506494,0.012987013,1.15E-05,0.017808873,454
10209,0.193262411,0.24025974,0.038961039,0.034191072,0.030449992,454
10210,0.063829787,0.064935065,0.155844156,0.005343442,0.142709493,454
10211,0.907801418,1,0,6.27E-05,0.097233264,454
10212,0.262411348,0.18961039,0.051948052,0.000528724,0.212434409,454
10213,0.065988282,0.045736872,0.285714286,0.111376136,0.250596279,454
10214,0.042890915,0.035250464,0.25974026,0.011932698,0.866751471,454
10215,0.446808511,0.493506494,0.012987013,1.24E-05,0.019239943,454
10216,1,1,0,1.30E-05,0.02019399,454
10217,0.293144208,0.324675325,0.025974026,0.376040621,0.028859914,454
10218,0.027724049,0.033057851,0.272727273,9.67E-05,0.150023851,454
10219,0.585106383,0.662337662,0.012987013,5.84E-06,0.009063444,454
10220,0.492907801,0.493506494,0.012987013,3.64E-05,0.056447766,454
10221,0.185579196,0.155844156,0.064935065,0.051832314,0.297503578,454
10222,0.045473509,0.046600458,0.207792208,8.37E-05,0.129909366,454
10223,0.446808511,0.493506494,0.012987013,1.54E-07,0.000238512,454
10224,0.446808511,0.493506494,0.012987013,2.32E-05,0.035935761,454
10226,0.056737589,0.064935065,0.155844156,0.002137746,0.147082207,454
10227,0.239361702,0.24025974,0.038961039,0.00923462,0.359198601,454
10228,0.492907801,0.493506494,0.012987013,0.103854632,0.03347114,454
10230,0.078014184,0.088311688,0.116883117,0.00371019,0.081968516,454
10231,0.40070922,0.493506494,0.012987013,0.404742763,0.04102401,454
10232,0.117527862,0.131725418,0.077922078,0.000273711,0.038877405,454
10233,0.216312057,0.24025974,0.038961039,1.04E-05,0.016139291,454
10234,0.170212766,0.155844156,0.090909091,0.15624441,0.058355859,454
10237,1,1,0,0.000326323,0.043250119,454
10238,0.117527862,0.131725418,0.077922078,0.111240792,0.056447766,454
10240,0.098502758,0.0995671,0.103896104,0.014000313,0.187072667,454
10169,0.018865301,0.015623394,0.309859155,0.862901243,0.174152406,457
10170,0.075100687,0.070659312,0.112676056,0.348617244,0.035188329,457
10171,0.154584222,0.206855792,0.042253521,0.000204786,0.072762307,457
10172,0.057036247,0.050630418,0.154929577,0.613222883,0.069872001,457
10174,0.333422175,0.35106383,0.014084507,0.247298274,0.024911685,457
10175,0.260261194,0.206855792,0.042253521,0.957837767,0.093682617,457
10176,0.187100213,0.170803783,0.042253521,0.081402072,0.105243841,457
10178,0.203358209,0.182821119,0.070422535,0.029360542,0.070881314,457
10179,0.300906183,0.35106383,0.014084507,0.000705775,0.082029637,457
10181,0.447228145,0.423167849,0.014084507,0.98172694,0.060742304,457
10184,0.193603412,0.192434988,0.056338028,0.200250882,0.341423132,457
10185,0.609808102,0.711583924,0,2.32E-05,0.008258017,457
10186,0.063539446,0.062647754,0.126760563,0.669258123,0.60462449,457
10187,0.071261994,0.062647754,0.211267606,0.494707205,0.254805707,457
10188,0.078713575,0.070659312,0.112676056,0.895062804,0.011561224,457
10189,0.252132196,0.230890465,0.028169014,0,0,457
10190,0.739872068,0.711583924,0,3.07E-05,0.010918934,457
10191,0.447228145,0.423167849,0.014084507,0.00010433,0.037069321,457
10192,0.241293532,0.230890465,0.028169014,0.895766642,0.023168326,457
10193,0.252132196,0.35106383,0.014084507,0.996517222,0.038308024,457
10196,0.148081023,0.134751773,0.056338028,0.31143727,0.011377713,457
10197,0.027229922,0.026595745,0.323943662,0.179273385,0.28990228,457
10198,0.398454158,0.35106383,0.014084507,0.001319874,0.468963619,457
10199,0.052033787,0.046008365,0.169014085,0.032327611,0.165389733,457
10200,0.052033787,0.046008365,0.169014085,0.535527743,0.565077763,457
10201,0.047745964,0.042046606,0.183098592,0.967367922,0.213102721,457
10202,0,0,0.845070423,0.958846331,0.379685278,457
10203,0.382196162,0.35106383,0.014084507,0.873796852,0.005780612,457
10204,0.02018479,0.014578408,0.408450704,0.189460894,0.908840666,457
10206,0.284648188,0.278959811,0.028169014,0.380353094,0.024957563,457
10208,0.077358742,0.080673759,0.098591549,0.000340234,0.120888196,457
10209,0.609808102,0.711583924,0,0.015229809,0.055191081,457
10210,1,1,0,0.649590687,0.068036886,457
10211,0.197938877,0.278959811,0.028169014,9.14E-05,0.032481534,457
10212,0.051616915,0.030601524,0.23943662,0.002873844,0.261503877,457
10213,0.011180362,0.009031945,0.535211268,0.000902039,0.320502821,457
10214,0.012814499,0.010732861,0.690140845,0.228269083,0.426801853,457
10215,0.230454869,0.230890465,0.028169014,0.11294282,0.034270771,457
10216,0.967484009,0.855791962,0,7.14E-05,0.025370464,457
10217,0.16271322,0.188829787,0.098591549,0.819408807,0.215029591,457
10218,0.837420043,0.711583924,0,0.317268628,0.000229389,457
10219,0.252132196,0.230890465,0.028169014,0.313340512,0.200119282,457
10220,0.03158895,0.034433138,0.309859155,0.00186089,0.661191907,457
10221,0.055487867,0.045480131,0.281690141,0.702945118,0.453915676,457
10222,0.40387349,0.375098503,0.028169014,0.155302091,0.115887507,457
10223,0.084907097,0.114150625,0.084507042,0.000723981,0.257237234,457
10226,0.02965436,0.028493219,0.253521127,0.714185738,0.223838143,457
10227,0.004320928,0.001468587,0.915492958,0.761858334,0.856677524,457
10228,0.12206823,0.170803783,0.042253521,0.00013222,0.046978942,457
10230,0.001488095,0.000558182,1,0.696399851,1,457
10231,0.096055437,0.134751773,0.056338028,1,0.332843969,457
10232,0.066791045,0.062647754,0.126760563,0.588505271,0.351103363,457
10233,0.057036247,0.050630418,0.154929577,0.000332228,0.118043767,457
10234,0.447228145,0.423167849,0.014084507,0.111054685,0.107675368,457
10237,0.12206823,0.170803783,0.042253521,0.002558531,0.053264211,457
10238,0.059358818,0.083248902,0.183098592,0.522971898,0.331559389,457
10240,0.333422175,0.35106383,0.014084507,0.703698668,0.162820572,457
10169,0.209777331,0.225456621,0.017094017,0.004116622,0.109210972,478
10170,0.209777331,0.225456621,0.017094017,2.54E-05,0.009264187,478
10171,0.436966349,0.64640411,0.008547009,0.000171404,0.062454647,478
10172,0.036405203,0.035014171,0.239316239,0.244999969,0.142929708,478
10174,0.073284325,0.081569116,0.085470085,0.251070214,0.416380436,478
10175,0.009622247,0.008336337,0.316239316,0.332783096,0.552005225,478
10176,0.071488364,0.077283105,0.11965812,0.191758245,0.117555996,478
10178,0.249288465,0.225456621,0.017094017,0.002676548,0.048546273,478
10179,0.096182823,0.208618722,0.042735043,0.00020526,0.07479077,478
10181,0.033952788,0.030136986,0.076923077,0.302856861,0.055633496,478
10183,0.481416374,0.494863014,0.008547009,1,0.034492768,478
10184,0.056291775,0.075210748,0.102564103,0.034218842,0.134125103,478
10185,0.16285786,0.318065069,0.025641026,0.000136021,0.049562189,478
10186,0.205826218,0.191780822,0.034188034,0.000495426,0.051594021,478
10187,0.025964667,0.020473496,0.188034188,0.000337166,0.122853273,478
10188,0.075439478,0.080650685,0.076923077,0.183001892,0.021382613,478
10189,0.244349573,0.242294521,0.025641026,0.000166093,0.060519568,478
10190,0.148041185,0.166523973,0.025641026,0.005166954,0.012723139,478
10191,0.045806128,0.040239726,0.076923077,0.298218724,0.081781239,478
10192,0.04432446,0.040239726,0.05982906,0.148968992,0.15623337,478
10193,0.058317986,0.079528158,0.068376068,0.309630182,0.07987035,478
10196,0.136399512,0.134050881,0.051282051,0.145437016,0.054448261,478
10197,0.219655115,0.225456621,0.017094017,0.260095224,0.033234967,478
10198,0.085599483,0.090753425,0.051282051,0.230214197,0.027840937,478
10200,0.102109493,0.110958904,0.076923077,0.114031009,0.222195346,478
10201,0.005723122,0.010994953,0.316239316,0.300089367,0.153088868,478
10202,0.033773191,0.04483188,0.555555556,0.003866752,0.259832616,478
10203,0.066549473,0.057077626,0.042735043,0.321104242,0.041168787,478
10204,0.072899476,0.10518591,0.051282051,0.283507435,0.212858594,478
10206,0,0,1,0.255227928,1,478
10208,0.128779508,0.131164384,0.034188034,0.336503139,0.040056117,478
10209,0.185082873,0.26755137,0.025641026,8.91E-05,0.032460936,478
10210,0.155449523,0.158105023,0.042735043,0.260119322,0.500653089,478
10211,0.074780959,0.057077626,0.068376068,0.002090574,0.0612936,478
10213,0.170266198,0.191780822,0.017094017,7.81E-05,0.028469837,478
10214,0.014573517,0.01378017,0.52991453,0.002409152,0.376009869,478
10215,0.03349689,0.028582719,0.102564103,0.311059569,0.047361037,478
10216,0.269044031,0.326484018,0.017094017,0,0,478
10217,0.066549473,0.065496575,0.128205128,0.291074779,0.297179624,478
10218,0.407332998,0.545376712,0.008547009,3.40E-05,0.0123845,478
10219,1,1,0,1.99E-07,7.26E-05,478
10221,0.644399799,0.696917808,0,1.66E-06,0.000604712,478
10222,0.377699648,0.343321918,0.008547009,0.000530477,0.035073291,478
10226,0.97036665,1,0,1.43E-05,0.005200522,478
10227,0.081366148,0.076320939,0.051282051,0.15412101,0.18719462,478
10228,0.081366148,0.113203957,0.068376068,0.000230154,0.083861448,478
10230,0.019630002,0.01217656,0.299145299,0.304627728,0.420202216,478
10231,0.044894332,0.090753425,0.102564103,0.322915138,0.364447777,478
10232,0.244349573,0.393835616,0.008547009,1.73E-05,0.006289004,478
10234,0.481416374,0.494863014,0.008547009,0.009731272,0.013835809,478
10237,0.303616273,0.64640411,0.008547009,3.14E-05,0.011441149,478
10240,0.328310732,0.326484018,0.017094017,0.302522284,0.167505201,478
10169,0.147982063,0.144144145,0.081967213,2.71E-05,0.024831964,493
10170,0.091180867,0.087087087,0.131147541,8.30E-05,0.073935773,493
10171,1,1,0,0.000105262,0.093539955,493
10172,1,1,0,0,0.001026886,493
10174,0.123638693,0.11969112,0.098360656,0.000132135,0.117158327,493
10175,0.488789238,0.486486487,0.016393443,2.20E-05,0.020351008,493
10176,0.079820628,0.075675676,0.147540984,0.096998344,0.512229276,493
10178,1,1,0,8.94E-05,0.079630321,493
10179,0.233183857,0.22972973,0.049180328,5.51E-05,0.049477222,493
10181,0.147982063,0.144144145,0.081967213,0.182756704,0.024178491,493
10183,0.041479821,0.037162163,0.245901639,0.939323098,0.309559373,493
10184,0.488789238,0.486486487,0.016393443,9.03E-06,0.008961912,493
10185,0.147982063,0.144144145,0.081967213,0.965616716,0.400952203,493
10186,0.233183857,0.22972973,0.049180328,2.28E-05,0.021097834,493
10187,0.31838565,0.315315315,0.032786885,2.85E-05,0.026045556,493
10188,0.31838565,0.315315315,0.032786885,0.000103138,0.09167289,493
10189,0.31838565,0.315315315,0.032786885,7.22E-05,0.064507095,493
10190,0.488789238,0.486486487,0.016393443,1.42E-05,0.013536221,493
10191,0.147982063,0.144144145,0.081967213,4.24E-05,0.038274832,493
10192,0.488789238,0.486486487,0.016393443,2.95E-05,0.026979089,493
10193,0.079820628,0.075675676,0.147540984,0.000150936,0.133681852,493
10195,0.488789238,0.486486487,0.016393443,0.002294733,0.031179985,493
10196,0.037720918,0.033386328,0.262295082,0.768582938,0.430545183,493
10197,0.31838565,0.315315315,0.032786885,0.001418116,0.092699776,493
10198,0.488789238,0.486486487,0.016393443,4.52E-05,0.04079537,493
10199,0.233183857,0.22972973,0.049180328,0.982797365,0.031179985,493
10200,0.123638693,0.11969112,0.098360656,0.910207694,0.15459298,493
10201,0.233183857,0.22972973,0.049180328,3.13E-05,0.028566094,493
10202,0.005062925,0.006102878,1,1,0.764843167,493
10203,0.147982063,0.144144145,0.081967213,0.00983164,0.056011949,493
10204,0,0,0.606557377,0.374969675,1,493
10206,0.233183857,0.22972973,0.049180328,3.36E-05,0.030526512,493
10208,0.31838565,0.315315315,0.032786885,0.000142651,0.126400299,493
10209,0.233183857,0.22972973,0.049180328,0.986854147,0.104555639,493
10210,1,1,0,5.49E-05,0.049290515,493
10211,1,1,0,1.46E-05,0.013816281,493
10212,0.233183857,0.22972973,0.049180328,6.32E-05,0.056572069,493
10213,0.147982063,0.144144145,0.081967213,0.787959855,0.056852128,493
10214,0.123638693,0.11969112,0.098360656,0.349004164,0.31954817,493
10215,0.488789238,0.486486487,0.016393443,2.91E-05,0.026605676,493
10216,0.024052181,0.01965602,0.344262295,0.000243345,0.214899178,493
10217,0.375186846,0.315315315,0.032786885,0.24795796,0.041635549,493
10218,0.488789238,0.486486487,0.016393443,5.52E-06,0.005881255,493
10219,0.233183857,0.22972973,0.049180328,0.236764712,0.045836445,493
10220,0.233183857,0.22972973,0.049180328,0.00035583,0.313760269,493
10221,0.18206278,0.178378379,0.06557377,0.024209728,0.091486184,493
10222,0.31838565,0.315315315,0.032786885,1.25E-05,0.012042569,493
10223,0.147982063,0.144144145,0.081967213,4.64E-05,0.041822255,493
10226,1,1,0,0.000111423,0.098954444,493
10227,0.31838565,0.315315315,0.032786885,0.897720605,0.098954444,493
10228,0.31838565,0.315315315,0.032786885,0.000113016,0.100354742,493
10230,0.056226285,0.051975053,0.196721311,0.193921061,0.204163555,493
10231,0.105381166,0.101351352,0.114754098,8.53E-05,0.075989544,493
10232,0.31838565,0.315315315,0.032786885,7.45E-05,0.066467513,493
10233,1,1,0,0.011068761,0,493
10234,0.147982063,0.144144145,0.081967213,0.276336211,0.121639283,493
10237,0.086017122,0.066339067,0.163934426,0.000352113,0.310492905,493
10238,0.488789238,0.486486487,0.016393443,3.74E-05,0.033887229,493
10240,0.31838565,0.315315315,0.032786885,0.023568384,0.045463032,493
10169,0.658227848,0.492957746,0,2.18E-05,0.007792545,496
10170,0.072332731,0.058350101,0.171428571,0.000103669,0.037057881,496
10171,0.316455696,0.23943662,0.028571429,1.42E-05,0.005065154,496
10172,0.14556962,0.112676056,0.085714286,8.60E-05,0.030737261,496
10174,0.278481013,0.154929577,0.057142857,5.80E-05,0.020736828,496
10175,0.107594937,0.070422535,0.142857143,1,0.037663968,496
10176,0.074367089,0.049295775,0.2,0.033770077,0.036451794,496
10178,0.430379747,0.23943662,0.028571429,0.000214,0.076496818,496
10179,0.024525316,0.017605634,0.428571429,0.013032556,0.10589203,496
10181,0.772151899,0.492957746,0,1.22E-05,0.004372484,496
10183,0.03164557,0.014084507,0.485714286,0.563353047,0.110913892,496
10184,0.316455696,0.23943662,0.028571429,1.62E-05,0.005801117,496
10185,0.886075949,0.492957746,0,1.61E-05,0.005757825,496
10186,0.063291139,0.042253521,0.228571429,0.000367566,0.131390969,496
10187,0.050632911,0.042253521,0.228571429,0.000154293,0.055153903,496
10188,0.430379747,0.23943662,0.028571429,0.007925141,0.138447552,496
10189,0.03164557,0.022132796,0.371428571,0.47172949,0.068920732,496
10190,0.772151899,0.492957746,0,6.81E-05,0.024330058,496
10191,0.373417722,0.23943662,0.028571429,7.58E-05,0.02710074,496
10192,0.073417722,0.053521126,0.4,0.377739943,0.218061388,496
10193,0.240506329,0.154929577,0.057142857,1.39E-05,0.004978571,496
10195,0,0,1,0.270474896,0.200917789,496
10196,0.019262521,0.007960808,0.628571429,0.159759933,0.222953375,496
10197,0.006582279,0.006197183,0.685714286,0.094723105,0.393133902,496
10198,0.179746835,0.087323944,0.114285714,0.110222654,0.105285943,496
10199,0.373417722,0.23943662,0.028571429,5.55E-05,0.019827698,496
10200,0.03164557,0.017605634,0.428571429,0.157830543,0.122905753,496
10201,0.03164557,0.017605634,0.428571429,0.000123168,0.04402788,496
10202,0.111392405,0.087323944,0.114285714,0.020311943,0.144595004,496
10203,0.035443038,0.01971831,0.4,0.45972406,1,496
10204,0.886075949,0.492957746,0,0.407444386,0.046235768,496
10206,0.202531646,0.23943662,0.085714286,0.000209034,0.074721849,496
10208,0.134177215,0.087323944,0.114285714,0.031737018,0.047534525,496
10209,0.316455696,0.23943662,0.028571429,7.02E-06,0.002510931,496
10210,0.174050633,0.112676056,0.085714286,0.000116386,0.041603533,496
10211,0.373417722,0.23943662,0.028571429,0.041210903,0.009091303,496
10212,0.156962025,0.087323944,0.114285714,7.28E-05,0.026018442,496
10213,0.156962025,0.087323944,0.114285714,5.20E-05,0.018572233,496
10214,0,0,1,0.000434055,0.155158232,496
10215,0.134177215,0.087323944,0.114285714,5.50E-05,0.01965453,496
10216,0.047180667,0.032010243,0.285714286,0.120738805,0.18334127,496
10217,0.601265823,0.492957746,0.028571429,0.277711652,0.011472358,496
10218,0.126582278,0.070422535,0.142857143,0.000540026,0.19303866,496
10219,0.278481013,0.154929577,0.057142857,0.000159985,0.057188623,496
10220,0.316455696,0.23943662,0.028571429,0,0,496
10221,0.025949367,0.011267606,0.542857143,0.815425165,0.561106541,496
10222,0.658227848,0.492957746,0.028571429,0.003489034,0.02324776,496
10223,0.174050633,0.112676056,0.085714286,3.44E-05,0.012294905,496
10226,0.658227848,0.492957746,0.028571429,0.000169311,0.060522101,496
10227,0.12278481,0.087323944,0.257142857,0.000244277,0.087319797,496
10228,0.057537399,0.032010243,0.285714286,0.266014324,0.294558206,496
10230,0.373417722,0.23943662,0.028571429,2.31E-05,0.008268756,496
10231,0.240506329,0.154929577,0.057142857,5.92E-05,0.021169748,496
10232,0.063291139,0.042253521,0.228571429,0.292327226,0.060392225,496
10233,0.658227848,0.492957746,0,1.36E-05,0.004848695,496
10234,0.240506329,0.154929577,0.057142857,7.42E-05,0.026537945,496
10237,1,1,0,1.40E-05,0.005021862,496
10238,0.050632911,0.028169014,0.314285714,0.450211057,0.050478376,496
10240,0.057537399,0.032010243,0.285714286,0.000140608,0.050261916,496
10169,0.186440678,0.244402985,0.068181818,5.36E-05,0.043418226,497
10170,0.186440678,0.104477612,0.045454545,5.85E-05,0.04740718,497
10171,0.593220339,0.328358209,0,0,0,497
10172,0.186440678,0.104477612,0.045454545,5.42E-05,0.04387849,497
10174,0.005649717,0,1,0.115975953,1,497
10175,0.694915254,0.328358209,0,1.61E-05,0.01304081,497
10176,0.593220339,0.328358209,0,1,0.001687634,497
10178,0.898305085,0.328358209,0,2.10E-05,0.017029764,497
10179,0.220338983,0.104477612,0.045454545,0.88367345,0.032985578,497
10181,0.694915254,0.328358209,0,0.000124632,0.100951212,497
10183,0,0.001865672,0.795454545,0.12781728,0.425744093,497
10184,0.101694915,0.048507463,0.113636364,0.00110047,0.098036207,497
10185,0.389830508,0.160447761,0.022727273,2.46E-06,0.001994477,497
10186,0.220338983,0.104477612,0.045454545,2.42E-05,0.019637926,497
10187,0.288135593,0.160447761,0.022727273,0,0,497
10188,0.796610169,0.328358209,0,4.74E-06,0.003835532,497
10189,0.125423729,0.059701493,0.090909091,0.015553948,0.040810064,497
10190,0.694915254,0.328358209,0,3.24E-05,0.026235041,497
10191,0.694915254,0.328358209,0,0.009100948,0.000613685,497
10192,0.105084746,0.093283582,0.204545455,0.016827349,0.084381712,497
10193,0.694915254,0.328358209,0,1.10E-05,0.008898435,497
10195,0.220338983,0.104477612,0.045454545,3.98E-05,0.032218472,497
10196,0.101694915,0.048507463,0.113636364,0.00042693,0.345811599,497
10197,0.023728814,0.014925373,0.318181818,0.145573684,0.158177355,497
10198,0.06440678,0.026119403,0.204545455,0.000730553,0.591745934,497
10199,0.220338983,0.104477612,0.045454545,0.000124632,0.100951212,497
10200,0.084745763,0.034514925,0.159090909,0.000201721,0.163393679,497
10201,0.145762712,0.059701493,0.090909091,6.48E-05,0.052470083,497
10202,0.042372881,0.020522388,0.25,0.03144656,0.233200368,497
10203,0.084745763,0.040511727,0.136363636,0.719392336,0.42420988,497
10204,0.084745763,0.029850746,0.181818182,0.280250627,0.307763118,497
10206,0.288135593,0.160447761,0.022727273,1.84E-05,0.014881866,497
10208,0.105084746,0.059701493,0.090909091,4.36E-05,0.035286898,497
10209,0.288135593,0.160447761,0.022727273,0,0,497
10210,0.062146893,0.029850746,0.181818182,0.013946996,0.111230439,497
10211,0.694915254,0.328358209,0,8.33E-06,0.006750537,497
10212,0.796610169,0.328358209,0,0,0,497
10213,0.694915254,0.328358209,0,1.89E-06,0.001534213,497
10214,0.099273608,0.040511727,0.136363636,0.000319534,0.258821724,497
10215,0.220338983,0.104477612,0.045454545,2.25E-05,0.018257134,497
10216,0.694915254,0.328358209,0,0.056541265,0.046946916,497
10217,0.423728814,0.328358209,0.045454545,0.434271227,0.031758208,497
10218,1,0.328358209,0,1.89E-07,0.000153421,497
10219,0.186440678,0.104477612,0.045454545,0.014999735,0.027922676,497
10220,0.288135593,0.160447761,0.022727273,3.79E-07,0.000306843,497
10221,0.084745763,0.034514925,0.159090909,0.015201456,0.530377416,497
10222,0.262711864,0.244402985,0.068181818,5.83E-05,0.047253759,497
10223,0.694915254,0.328358209,0,0,0,497
10226,0.898305085,1,0,0.000110426,0.089444615,497
10227,0.644067797,0.496268657,0.022727273,0.000129935,0.105247008,497
10228,0.694915254,0.328358209,0,0,0,497
10230,0.161016949,0.076492537,0.068181818,2.82E-05,0.022859773,497
10231,0.186440678,0.104477612,0.045454545,1.89E-07,0.000153421,497
10232,0.125423729,0.059701493,0.090909091,0.455904469,0.020711875,497
10233,0.288135593,0.160447761,0.022727273,1.57E-05,0.012733967,497
10234,0.220338983,0.104477612,0.045454545,1.78E-05,0.014421602,497
10237,0.338983051,0.160447761,0.022727273,2.18E-05,0.017643449,497
10238,0.073446328,0.029850746,0.181818182,0.003983286,0.032218472,497
10240,0.186440678,0.076492537,0.068181818,3.77E-05,0.030530838,497
10169,0.361774744,0.484375,0.043478261,5.37E-05,0.041126017,498
10170,0.076450512,0.071875,0.391304348,0.000411553,0.315262811,498
10171,0.436860068,0.484375,0.043478261,0.000114551,0.087750165,498
10172,0.098976109,0.116071429,0.260869565,5.77E-05,0.04420497,498
10174,0.06894198,0.071875,0.391304348,0.000383704,0.293930064,498
10175,0.274175199,0.3125,0.086956522,7.48E-05,0.057290521,498
10176,0.230375427,0.2265625,0.130434783,0.000139098,0.106553772,498
10178,0.399317406,0.484375,0.043478261,3.32E-05,0.025401364,498
10179,0.299203641,0.3125,0.086956522,0.000142974,0.109522762,498
10181,0.098976109,0.116071429,0.260869565,0.058539253,0.176929844,498
10183,0.061433447,0.09765625,0.304347826,0.000160918,0.123268089,498
10184,0.274175199,0.197916667,0.086956522,0.000191063,0.146360238,498
10185,0.091467577,0.0375,0.391304348,0.757064726,0.162194854,498
10186,0.199089875,0.197916667,0.086956522,0.431387824,0.076314053,498
10187,0.249146758,0.3125,0.086956522,0.558033102,0.044424896,498
10188,0.549488055,0.484375,0.043478261,3.01E-05,0.023092149,498
10189,0.088249634,0.116071429,0.260869565,0.288819316,0.046074335,498
10190,0.189078498,0.175,0.173913043,0.00010235,0.078403343,498
10191,0.274175199,0.197916667,0.086956522,0.000519214,0.39773477,498
10192,0.002437835,0.017857143,0.869565217,0.000523951,0.401363536,498
10193,0.47440273,0.3125,0.043478261,4.98E-05,0.038157027,498
10195,0.211604096,0.2265625,0.130434783,0.000525961,0.402903013,498
10196,0.053924915,0.071875,0.391304348,0.000268005,0.205300198,498
10197,0.048919226,0.083333333,0.347826087,0.057139084,0.647569826,498
10198,0.035442373,0.048076923,0.52173913,0.919929661,0.319331427,498
10199,0.136518771,0.140625,0.217391304,0.000102063,0.078183418,498
10200,0.098976109,0.116071429,0.260869565,0.099442602,0.185067077,498
10201,0.124004551,0.140625,0.217391304,0.000175703,0.134594238,498
10202,0.511945392,0.484375,0.043478261,0.010705683,0.037497251,498
10203,0.28668942,0.2265625,0.130434783,0.780834876,0.080932483,498
10204,0.174061433,0.2265625,0.130434783,0.000280493,0.214866945,498
10206,1,1,0,3.73E-05,0.028590279,498
10208,0.052047782,0.09765625,0.304347826,0.000237859,0.182208049,498
10209,0.699658703,0.65625,0,0.000231113,0.177039806,498
10210,0.924914676,0.65625,0,0.000290255,0.222344403,498
10211,1,1,0,0.000151156,0.115790631,498
10212,0.511945392,0.484375,0.043478261,7.01E-05,0.053661755,498
10213,0.174061433,0.175,0.173913043,0.000374087,0.286562569,498
10214,0.109702584,0.116071429,0.260869565,0.010028135,0.212447768,498
10215,0.324232082,0.197916667,0.086956522,0.000522516,0.40026391,498
10216,1,1,0,3.34E-05,0.025621289,498
10217,0.374288965,0.3125,0.086956522,0.005778821,0.085990763,498
10218,0.267918089,0.2265625,0.130434783,0,0,498
10219,0.044368601,0.0625,0.434782609,0.000179148,0.137233341,498
10220,0,0,0.913043478,0.003352999,0.174510666,498
10221,0.131155534,0.116071429,0.260869565,0.000234414,0.179568947,498
10222,0.849829352,1,0,1.58E-05,0.012095887,498
10223,0.849829352,1,0,3.59E-05,0.027490653,498
10226,0.299203641,0.3125,0.086956522,0.000128619,0.098526501,498
10227,0.014505119,0.01171875,1,0.120849518,1,498
10228,0.090633295,0.083333333,0.347826087,0.000243314,0.186386629,498
10230,0.511945392,0.3125,0.043478261,7.15E-05,0.054761381,498
10231,0.249146758,0.3125,0.043478261,4.88E-05,0.037387288,498
10232,0.149032992,0.3125,0.086956522,1,0.110622388,498
10233,0.129010239,0.175,0.173913043,7.42E-05,0.056850671,498
10234,0.264163823,0.175,0.173913043,9.65E-05,0.073894876,498
10237,0.230375427,0.2265625,0.130434783,4.62E-05,0.035407961,498
10238,0.47440273,0.3125,0.043478261,5.34E-05,0.040906092,498
10240,0.211604096,0.2265625,0.130434783,0.000666207,0.510336486,498
10169,0.126074499,0.159199026,0.031446541,3.34E-05,0.008833431,504
10170,0.066977077,0.054098905,0.094339623,0.013983734,0.265527998,504
10171,0.46991404,0.1769001,0.006289308,0.000108733,0.02875498,504
10172,0.243553009,0.107865914,0.025157233,0.015735029,0.028785867,504
10174,0.226361032,0.243279124,0.018867925,0.093768285,0.008493684,504
10175,0.169054441,0.067743482,0.050314465,0.223370676,0.08898292,504
10176,0.016873607,0.013460191,0.27672956,0.000443109,0.11718195,504
10178,0.092645654,0.048567319,0.06918239,0.002107978,0.148098959,504
10179,0.276504298,0.12379688,0.018867925,0.000752491,0.19899929,504
10181,0.321872015,0.256554929,0.012578616,0.009156606,0.093492294,504
10183,0.045845272,0.010510012,0.182389937,0.086446715,0.176977484,504
10184,0.183381089,0.15034849,0.031446541,3.68E-05,0.009729129,504
10185,0.192932187,0.079544197,0.031446541,0.616125885,0.09710597,504
10186,0.080489711,0.044142051,0.062893082,0.200307653,0.068999598,504
10187,0.398280802,0.283106538,0.006289308,1.42E-05,0.003768107,504
10188,0.570200573,0.468967806,0.006289308,4.71E-05,0.012447108,504
10189,0.362464183,0.137072685,0.018867925,0.000637918,0.168700003,504
10190,0.1747851,0.129107202,0.025157233,0.165301369,0.075176823,504
10191,0.095829354,0.050042409,0.050314465,3.78E-05,0.010007104,504
10192,0.09025788,0.027547295,0.094339623,0.009910965,0.069987954,504
10193,0.613180516,0.256554929,0.006289308,2.50E-05,0.00660963,504
10195,0.160867786,0.135176141,0.037735849,0.000293732,0.077678599,504
10196,0.057457397,0.021782801,0.113207547,0.47342516,0.053865398,504
10197,0.119934507,0.135176141,0.037735849,8.67E-05,0.022917503,504
10198,0.023959032,0.003467245,0.289308176,0.015749161,0.335145319,504
10199,0.154727794,0.064055758,0.044025157,0.037938697,0.028384347,504
10200,0.398280802,0.185750636,0.012578616,0.000582675,0.154090867,504
10201,0.369627507,0.137072685,0.018867925,1.73E-05,0.004571146,504
10202,0.020057307,0.004845669,0.308176101,0.122475863,0.238873274,504
10203,0,0,1,0.35261767,1,504
10204,0.035339064,0.110521075,0.06918239,0.000404451,0.106958643,504
10206,0.207258835,0.088394734,0.031446541,6.14E-05,0.016246101,504
10208,0.047277937,0.010952539,0.094339623,0.001112093,0.179571918,504
10209,0.283667622,0.15034849,0.006289308,0.123540422,0.131791086,504
10210,0.044522812,0.011463147,0.157232704,0.077948699,0.529666121,504
10211,0.283667622,0.256554929,0.006289308,1.80E-05,0.004756463,504
10212,0.360076409,0.274256002,0.012578616,2.22E-05,0.005868363,504
10213,0.121298949,0.079544197,0.050314465,0.000274695,0.072644161,504
10214,0.056733524,0.014404248,0.150943396,0.039206473,0.395867437,504
10215,0.197707736,0.362761367,0.012578616,6.12E-05,0.016184328,504
10216,1,0.415864587,0,0.076146599,0.001606078,504
10217,0.106972302,0.159199026,0.031446541,0.215680744,0.011088118,504
10218,0.068085687,0.039084602,0.125786164,0.271394708,0.138153628,504
10219,0.046966488,0.016436024,0.13836478,0.46467499,0.074528214,504
10220,0.297994269,0.12379688,0.018867925,1,0.041881583,504
10221,0.188156638,0.106095807,0.031446541,0.221056094,0.229298576,504
10222,0.096118781,0.073107443,0.062893082,0.000340682,0.09009482,504
10223,0.541547278,1,0,8.22E-05,0.02174383,504
10226,0.109143006,0.039314486,0.062893082,0.000312886,0.082743923,504
10227,0.104106972,0.05830291,0.088050314,0.048756668,0.106958643,504
10228,0.048710602,0.015820334,0.088050314,0.753661836,0.081106959,504
10230,0.130850048,0.075118929,0.06918239,0.011212027,0.069617321,504
10231,0.17860554,0.309658148,0.012578616,0,0,504
10232,0.102196753,0.159199026,0.031446541,5.93E-05,0.01569015,504
10233,0.407831901,0.362761367,0.012578616,1.62E-05,0.004293171,504
10234,0.570200573,0.495519416,0.006289308,0.000299104,0.079099361,504
10237,0.161891117,0.057417856,0.044025157,6.41E-05,0.016956481,504
10238,0.041342612,0.00621118,0.213836478,0.091328852,0.083670507,504
10240,0.01398955,0.033209035,0.20754717,0.00034804,0.092040646,504
10169,0.026266417,0.066551426,0.363636364,0.033369455,0.118801749,515
10170,0.134146341,0.241573034,0.090909091,0.064780246,0.383570565,515
10171,0.292682927,0.292134831,0.03030303,9.66E-05,0.065866592,515
10172,0.804878049,0.595505618,0,1.13E-05,0.007721649,515
10174,0.008780488,0.031910112,0.727272727,0.001466644,1,515
10175,0.134146341,0.140449438,0.090909091,3.85E-05,0.026234999,515
10176,0.079268293,0.115168539,0.212121212,8.65E-05,0.058982231,515
10178,0.12195122,0.157303371,0.151515152,0.000103971,0.070890315,515
10179,0.25203252,0.280898876,0.060606061,0.000108337,0.073867336,515
10181,0,0,0.151515152,0.638526818,0.092938878,515
10183,0.088414634,0.064606742,0.212121212,0.000145041,0.09889292,515
10184,0.829268293,0.528089888,0,0.000172603,0.117685366,515
10185,0.052845528,0.061797753,0.333333333,0.21789259,0.208205414,515
10186,0.109756098,0.207865169,0.090909091,0.000138218,0.094241325,515
10187,0.055432373,0.080694586,0.303030303,0.530315414,0.19871616,515
10188,0.426829268,0.426966292,0.03030303,0.094137818,0.086891804,515
10189,0.008780488,0.034606742,0.727272727,0.274385051,0.243743604,515
10190,0.804878049,1,0,5.57E-05,0.037957019,515
10191,0.085365854,0.078651685,0.151515152,0.022511324,0.065215369,515
10192,0.207317073,0.140449438,0.090909091,8.69E-05,0.059261327,515
10193,0.070121951,0.056179775,0.212121212,0.922936868,0.226625733,515
10195,0.019255456,0.04198699,0.545454545,0.000223223,0.152200205,515
10196,0.034843206,0.060995185,0.393939394,0.643289965,0.124662759,515
10197,0.152439024,0.241573034,0.090909091,0.000168373,0.114801377,515
10198,0.004304161,0.018506279,1,0.000580845,0.396036841,515
10199,0.317073171,0.191011236,0.060606061,6.39E-05,0.043538934,515
10200,0.284552846,0.325842697,0.060606061,0.000328286,0.223834775,515
10201,0.082317073,0.056179775,0.212121212,0.000230728,0.15731696,515
10202,0.038327526,0.060995185,0.393939394,0.010388897,0.146525258,515
10203,0,0.02247191,0.939393939,1,0.892082984,515
10204,0.066202091,0.09470305,0.181818182,0.082599648,0.030979626,515
10206,0.12195122,0.08988764,0.151515152,6.82E-07,0.00046516,515
10208,0.402439024,0.258426966,0.03030303,9.63E-05,0.065680528,515
10209,0.130081301,0.168539326,0.060606061,3.92E-05,0.026700158,515
10210,0.268292683,0.191011236,0.060606061,0.000336063,0.229137594,515
10211,0.195121951,0.292134831,0.03030303,3.75E-05,0.025583775,515
10212,0.292682927,0.359550562,0.03030303,0.000121845,0.083077496,515
10213,0.12195122,0.137078652,0.121212121,0.194060482,0.088380314,515
10214,0.103658537,0.064606742,0.212121212,0.009479221,0.221974137,515
10215,0.048780488,0.179775281,0.151515152,0.000109156,0.074425528,515
10216,1,0.595505618,0,3.48E-05,0.023723137,515
10217,0.365853659,0.292134831,0.03030303,0.005360775,0.024653456,515
10218,0.034843206,0.060995185,0.393939394,0.000114614,0.078146804,515
10219,0.091463415,0.064606742,0.212121212,0.000216128,0.147362545,515
10220,0.300813008,0.191011236,0.060606061,0.000311913,0.212670946,515
10221,0.063414634,0.049438202,0.272727273,0.010582103,0.287840729,515
10222,0.284552846,0.325842697,0.060606061,0,0,515
10223,0.390243902,0.595505618,0,6.96E-06,0.004744627,515
10226,0.235772358,0.191011236,0.060606061,0.000388594,0.26495488,515
10227,0.039634146,0.068820225,0.454545455,0.000205213,0.139919993,515
10228,0.463414634,0.258426966,0.03030303,9.61E-05,0.065494465,515
10230,0.100271003,0.101123596,0.242424242,0.000277801,0.189412969,515
10231,0.243902439,0.258426966,0.03030303,0.000229363,0.156386641,515
10232,0.029268293,0.08988764,0.272727273,0.001439628,0.135268397,515
10233,0.284552846,0.325842697,0.060606061,0.000110247,0.075169783,515
10234,0.180487805,0.191011236,0.121212121,0.003984594,0.18169132,515
10237,0.182926829,0.174157303,0.090909091,9.31E-05,0.063447763,515
10238,0.829268293,0.528089888,0,1.66E-05,0.011349893,515
10240,0.12195122,0.134831461,0.151515152,0.158423043,0.353800354,515
10169,0.161904762,0.111671924,0.063492063,5.09E-05,0.05095421,520
10170,0.055088702,0.038040453,0.253968254,0.113493675,0.416640423,520
10171,0.492063492,0.394321767,0.015873016,9.31E-05,0.093279587,520
10172,0.587301587,0.394321767,0.015873016,1.08E-05,0.010833281,520
10174,0.100529101,0.057833859,0.079365079,9.93E-05,0.099452038,520
10175,0.064935065,0.045597935,0.158730159,0.371152865,0.168419727,520
10176,0.025396825,0.041009464,0.301587302,0.000513572,0.514517856,520
10178,0.06031746,0.044374343,0.222222222,0.005340793,0.107262077,520
10179,0.46031746,0.192429022,0.015873016,0.000977917,0.367512754,520
10181,0.121693122,0.09148265,0.079365079,0.037714164,0.012092965,520
10183,0.206349206,0.141955836,0.047619048,1,0.138628204,520
10184,0.020885547,0.011788145,0.285714286,0.054979074,0.922718398,520
10185,0.46031746,0.192429022,0.015873016,0.000288126,0.00195251,520
10186,0.222222222,0.09148265,0.047619048,0.000252542,0.253007495,520
10187,0.06031746,0.044374343,0.222222222,0.171004081,0.070983183,520
10188,0.238095238,0.141955836,0.047619048,3.38E-05,0.033822511,520
10189,0.085714286,0.051104101,0.142857143,0.00010499,0.105183599,520
10190,0.129251701,0.10590356,0.095238095,0.086786127,0.05725263,520
10191,0.28042328,0.192429022,0.031746032,0.007441728,0.006235435,520
10192,0.222222222,0.09148265,0.047619048,0.049888622,0.20123449,520
10193,0.238095238,0.192429022,0.031746032,0.388249413,0.048056938,520
10196,0.056084656,0.030914826,0.222222222,0.225592742,0.116520753,520
10197,0.121693122,0.09148265,0.079365079,0.000220165,0.220570637,520
10198,0.013605442,0.004957188,0.428571429,0.056806091,0.332808465,520
10199,0.238095238,0.242902208,0.047619048,4.22E-05,0.042262392,520
10200,0,0,1,0.082895581,1,520
10201,0.428571429,0.293375394,0.015873016,0.026685356,0.037097688,520
10202,0.047619048,0.034426005,0.349206349,0.286676145,0.117780437,520
10203,0.134920635,0.09148265,0.111111111,0.343761497,0.059771997,520
10204,0.044091711,0.035401332,0.26984127,0,0,520
10206,1,1,0,1.26E-07,0.000125968,520
10208,0.134920635,0.066246057,0.111111111,0.005266671,0.266297159,520
10209,0.079365079,0.116719243,0.111111111,0.380681822,0.442841847,520
10210,0.035714286,0.028391167,0.238095238,0.000774098,0.157397493,520
10211,0.396825397,0.192429022,0.015873016,3.01E-05,0.030106443,520
10212,0.158730159,0.09148265,0.111111111,0.000994829,0.055552056,520
10213,0.161904762,0.111671924,0.063492063,3.36E-05,0.033633558,520
10214,0.064182195,0.034426005,0.349206349,0.100057512,0.228254708,520
10215,0.132275132,0.057833859,0.079365079,2.12E-05,0.021288657,520
10216,0.238095238,0.192429022,0.031746032,0.028032751,0.039302135,520
10217,0.174603175,0.09148265,0.079365079,0.350299429,0.016249921,520
10218,0.051851852,0.044374343,0.222222222,0.050604882,0.127417018,520
10219,0.2,0.111671924,0.063492063,8.30E-06,0.008313913,520
10220,0.380952381,0.293375394,0.047619048,5.12E-05,0.051332116,520
10221,0.126984127,0.066246057,0.111111111,8.71E-05,0.087233104,520
10222,0.365079365,0.259726604,0.031746032,3.77E-07,0.000377905,520
10223,0.053391053,0.045597935,0.158730159,7.20E-05,0.072179883,520
10227,0.005291005,0.003995794,0.698412698,0.032586118,0.365812181,520
10228,0.174603175,0.141955836,0.047619048,9.18E-06,0.009195692,520
10230,0.029100529,0.024185068,0.365079365,0.026958016,0.146501228,520
10231,0.034013605,0.019378098,0.206349206,0.393713742,0.583989419,520
10232,0.000634921,0.002649842,0.777777778,0.00039123,0.39195062,520
10233,0.183673469,0.192429022,0.095238095,3.33E-05,0.033318637,520
10234,0.153439153,0.125131441,0.079365079,4.20E-05,0.04207344,520
10237,0.142857143,0.057833859,0.079365079,0.000363002,0.113686465,520
10238,0.017048795,0.012968805,0.412698413,0.244354107,0.203124016,520
10240,0.040564374,0.024185068,0.26984127,0.077570254,0.357939157,520
10169,0.267716535,0.27173913,0,0.001427494,0.024260889,522
10170,0.014655311,0.015716986,0.014084507,0.227862098,0.558376589,522
10171,0.071172922,0.078879533,0.028169014,0.00014912,0.113217483,522
10172,0.134045744,0.134530561,0.042253521,0.137412051,0.042654028,522
10174,0.067589377,0.04183447,0.070422535,0.007846512,0.146656135,522
10175,0.009819085,0.010515123,0.084507042,1,0.405326111,522
10176,0.005880844,0.004543495,0.098591549,0.051483377,0.187692771,522
10178,0.314210724,0.282293636,0.126760563,3.68E-05,0.027909426,522
10179,0,0.001067138,0.14084507,0.223441889,0.423380727,522
10181,0.790776153,1,0.169014085,0.000264503,0.20081998,522
10183,0.010210262,0.009500267,0.197183099,0.269587149,0.039832995,522
10184,0.097237845,0.099348876,0.211267606,0.011929292,0.04028436,522
10185,0.755905512,0.873345936,0.225352113,0.000206093,0.00835026,522
10186,0.004185952,0.003377855,0.23943662,0.230641188,1,522
10187,0.314210724,0.282293636,0.253521127,0.123768517,0.124652073,522
10188,0.148160051,0.131514988,0.267605634,0.003164129,0.091062965,522
10189,0.073990751,0.071203529,0.281690141,7.49E-05,0.056834424,522
10190,0.424634421,0.430056711,0.295774648,0,0,522
10191,0.048806399,0.036021844,0.309859155,0.15150364,0.097419695,522
10192,0.860517435,0.873345936,0.323943662,0.222686279,0.036522982,522
10193,0.053127974,0.074451069,0.338028169,0.268151282,0.094899571,522
10196,0.032339708,0.031096408,0.38028169,0.029456498,0.115436696,522
10197,0.05384327,0.05431632,0.394366197,0.004785034,0.195967803,522
10198,0.033132222,0.027066506,0.408450704,0.236924264,0.485104942,522
10199,0.026654277,0.025314375,0.422535211,0.103487983,0.194124727,522
10200,0.002283297,0,0.436619718,0.015416878,0.336304822,522
10201,0.024867427,0.022954361,0.450704225,0.049017786,0.16331904,522
10202,0.013055186,0.002119494,0.464788732,0.000239831,0.182088317,522
10203,0.360704912,0.324511657,0.478873239,0,0,522
10204,0.03408324,0.031096408,0.492957746,0.005330537,0.443316031,522
10206,0.031202621,0.036327772,0.521126761,0.027005026,0.237455804,522
10208,0.03912011,0.036021844,0.549295775,0.04670087,0.275483337,522
10209,0.019951453,0.013431499,0.563380282,0.253884713,0.126645603,522
10210,0.018812304,0.017339156,0.577464789,0.162373087,0.736929211,522
10211,0.206692913,0.208412098,0.591549296,2.15E-05,0.016324381,522
10212,0.090457443,0.071203529,0.605633803,0.000101016,0.076694501,522
10213,0.038566608,0.028985507,0.61971831,0.043811203,0.115812834,522
10214,0.018338617,0.019390502,0.633802817,0.047174935,0.33250583,522
10215,0.02001474,0.017339156,0.647887324,0.023066858,0.179079215,522
10216,0.180539933,0.208412098,0.661971831,9.16E-05,0.069510269,522
10217,0.070799974,0.091070833,0.676056338,0.233601453,0.298277289,522
10218,0.013055186,0.013633499,0.690140845,0.000430319,0.094260137,522
10219,0.206692913,0.208412098,0.704225352,4.45E-05,0.033777176,522
10220,0.004249469,0.00084016,0.718309859,0.460183245,0.141427819,522
10221,0.11328941,0.11342155,0.732394366,0.118671371,0.113255097,522
10222,1,0.873345936,0.746478873,6.44E-06,0.004889792,522
10223,0.041057368,0.059141237,0.76056338,6.36E-05,0.048258482,522
10226,0.00941549,0.010221942,0.802816901,0.248053705,0.364891296,522
10227,0.019101779,0.019603725,0.816901408,0.248961755,0.464567818,522
10228,0.128233971,0.134530561,0.830985915,6.21E-05,0.047130068,522
10230,0.035245594,0.035016653,0.85915493,0.00021075,0.160009027,522
10231,0.054618173,0.085276202,0.873239437,0.266828569,0.102497555,522
10232,0.163104612,0.164083176,0.887323944,4.81E-06,0.003648537,522
10233,0.05384327,0.045872716,0.901408451,0.00010488,0.079628376,522
10234,0.163104612,0.164083176,0.915492958,8.95E-05,0.06793049,522
10237,0.078418769,0.11342155,0.957746479,0.000323012,0.083540209,522
10238,0.206692913,0.208412098,0.971830986,0.190581877,0.012600617,522
10240,0.018972628,0.007876497,1,0.26925735,0.456668923,522
10169,0.160799239,0.132793522,0.064516129,0.000605584,0.253468781,524
10170,0.22074215,0.149797571,0.032258065,0.495075511,0.07259663,524
10171,0.760228354,1,0,0.000291446,0.121985464,524
10172,0.490485252,0.489878543,0.016129032,1.12E-05,0.004707631,524
10174,0.240723121,0.149797571,0.032258065,0.751798352,0.031549389,524
10175,0.045195052,0.034412955,0.209677419,0.977879509,0.091757516,524
10176,0.044068306,0.033454081,0.290322581,0.01508218,0.344235216,524
10178,0.880114177,0.744939271,0.016129032,6.99E-05,0.029236868,524
10179,0.175784967,0.107287449,0.048387097,0.001879501,0.157003634,524
10181,1,1,0,3.14E-05,0.013131814,524
10183,0.300666032,0.319838057,0.032258065,0.873236599,0.009745623,524
10184,0.068886775,0.064777328,0.225806452,0.000353208,0.147836141,524
10185,0.370599429,0.234817814,0.016129032,0.001629295,0.17831186,524
10186,1,1,0,0.008786,1,524
10187,0.237868697,0.198380567,0.096774194,0.000550926,0.230591345,524
10188,0.370599429,0.362348178,0.016129032,0,0,524
10189,0.760228354,0.489878543,0,0.000127865,0.053518335,524
10190,0.160799239,0.107287449,0.048387097,0.000190022,0.079534192,524
10191,0.160799239,0.132793522,0.064516129,0.000139113,0.058225966,524
10192,0.028068506,0.025303644,0.435483871,0.46709591,0.771638586,524
10193,1,1,0,0.922253783,0.080773043,524
10196,0.040913416,0.039771374,0.258064516,0.888304375,0.266930955,524
10197,0.240723121,0.234817814,0.032258065,0.001946196,0.282705649,524
10198,0.026332708,0.014224751,0.580645161,0.93529742,0.490584737,524
10200,0.065889629,0.064777328,0.177419355,0.325447849,0.228774364,524
10201,0.235727878,0.234817814,0.048387097,0.000344526,0.14420218,524
10202,0,0,1,0.8942655,0.953254047,524
10203,0.380589914,0.319838057,0.032258065,0.00019752,0.082672613,524
10204,0.20076118,0.149797571,0.032258065,0.000134377,0.056243806,524
10206,0.490485252,0.489878543,0.016129032,0.000604597,0.253055831,524
10208,0.175784967,0.171052632,0.048387097,0.014376751,0.048315164,524
10209,0.610371075,0.744939271,0.016129032,0.459598428,0.298562934,524
10210,0.232730733,0.234817814,0.064516129,0.06530994,0.436570862,524
10211,0.320647003,0.234817814,0.032258065,0.000210741,0.088206145,524
10212,0.175784967,0.107287449,0.048387097,8.90E-05,0.0372481,524
10213,0.430542341,0.362348178,0.016129032,0.220151406,0.103154939,524
10214,0.083729781,0.089068826,0.209677419,0.000246259,0.103072349,524
10215,0.150808754,0.149797571,0.080645161,0.000219818,0.092005286,524
10216,1,1,0,0.045334546,0.032953419,524
10217,0.250713606,0.319838057,0.080645161,0.86561875,0.171043938,524
10218,1,1,0,3.95E-07,0.00016518,524
10219,1,1,0,0,0,524
10221,0.460513796,0.4048583,0.032258065,0.015519053,0.440204823,524
10222,0.16679353,0.132793522,0.14516129,0.001501627,0.225470763,524
10223,0.160799239,0.132793522,0.064516129,0.000133785,0.055996036,524
10226,0.084508261,0.072506441,0.161290323,0.017225699,0.166253717,524
10227,0.22074215,0.183805668,0.064516129,0.768018296,0.53427486,524
10228,1,1,0,5.58E-05,0.023372977,524
10230,0.110846813,0.064777328,0.080645161,0.000280199,0.117277833,524
10231,0.145813511,0.107287449,0.048387097,0.962578695,0.079534192,524
10232,0.058896289,0.081781377,0.14516129,0.880390936,0.081268583,524
10234,0.22074215,0.234817814,0.064516129,7.91E-05,0.033118599,524
10237,0.22074215,0.149797571,0.032258065,4.52E-05,0.018913115,524
10238,0.29567079,0.362348178,0.112903226,0.797579637,0.095061117,524
10240,0.175784967,0.107287449,0.048387097,1,0.066154609,524
10169,1,0.744897959,0,0.005584027,0.036849378,528
10170,0.194560669,0.149659864,0.058823529,0.000687458,0.808843851,528
10171,0.304393305,0.234693878,0.029411765,6.28E-05,0.073929065,528
10172,0.341004184,0.234693878,0.029411765,3.86E-05,0.045370797,528
10174,0.0041841,0,0.705882353,0.850416517,0.490327038,528
10175,0.103033473,0.075255102,0.205882353,0.970072694,0.885076002,528
10176,0.036852269,0.018838305,0.352941176,0.215920789,0.358129894,528
10178,0.139644351,0.107142857,0.088235294,6.73E-05,0.079226163,528
10179,0.304393305,0.234693878,0.029411765,0.001841963,0.14279134,528
10181,0.341004184,0.234693878,0.029411765,2.35E-06,0.002763703,528
10183,0,0.001457726,1,0.826180114,0.959926301,528
10184,0.267782427,0.234693878,0.029411765,3.74E-05,0.043988945,528
10185,0.084728033,0.06462585,0.147058824,0.001768755,0.638876094,528
10186,0.218967922,0.149659864,0.058823529,0.000285592,0.336020267,528
10187,0.304393305,0.234693878,0.029411765,3.37E-05,0.039613082,528
10188,0.072524407,0.06462585,0.323529412,0.845423837,0.160064486,528
10189,0.316596932,0.234693878,0.058823529,0.000203967,0.239981575,528
10190,0.267782427,0.234693878,0.029411765,3.41E-05,0.040073699,528
10191,0.09693166,0.06462585,0.147058824,0.000122341,0.143942883,528
10192,0.062761506,0.030612245,0.264705882,0.000181064,0.213035468,528
10193,0.179916318,0.132653061,0.117647059,0.915077459,0.247812068,528
10196,0.106694561,0.081632653,0.117647059,0.451195896,0.332105021,528
10197,0.017286941,0.006444683,0.529411765,0.002247939,0.450253339,528
10198,0.109135286,0.06462585,0.147058824,0.934099794,0.263703363,528
10200,0.013249651,0.003887269,0.588235294,0.039413124,0.913864579,528
10201,0.109135286,0.06462585,0.147058824,6.32E-05,0.074389682,528
10202,0.015574152,0.007936508,0.764705882,0.873553026,1,528
10203,0.048117155,0.038461539,0.352941176,1,0.035237218,528
10204,0.043235704,0.030612245,0.411764706,0.000739134,0.869645325,528
10206,0.163179916,0.125364431,0.176470588,0.000123515,0.145324735,528
10208,0.079497908,0.052478134,0.176470588,0.014373187,0.066328881,528
10209,0.058577406,0.052478134,0.176470588,0.000373482,0.439428835,528
10210,0.106694561,0.081632653,0.117647059,9.77E-05,0.114923998,528
10211,0.707112971,0.489795918,0,9.79E-06,0.011515431,528
10212,0.179916318,0.132653061,0.117647059,0.000102179,0.120221096,528
10213,0.316596932,0.234693878,0.058823529,0.215728176,0.918240442,528
10214,0.109135286,0.085884354,0.323529412,0.007264696,0.438737909,528
10215,0.054773678,0.049165121,0.294117647,0.000200052,0.235375403,528
10216,0.17625523,0.107142857,0.088235294,6.52E-05,0.076692768,528
10217,0.365411437,0.319727891,0.058823529,0.858823387,0.119990788,528
10218,1,0.744897959,0,3.19E-05,0.037540304,528
10219,0.633891213,0.489795918,0,1.17E-06,0.001381852,528
10221,0.209205021,0.132653061,0.117647059,0.000376418,0.442883464,528
10222,0.139644351,0.107142857,0.088235294,0.000119796,0.140948871,528
10223,0.853556485,1,0,1.29E-05,0.015200368,528
10226,0.194560669,0.170918367,0.088235294,0.000142894,0.168125288,528
10227,0.053749598,0.038461539,0.352941176,0.000208665,0.245508982,528
10228,1,0.744897959,0,0,0,528
10230,0.341004184,0.234693878,0.029411765,5.42E-05,0.063795486,528
10231,0.106694561,0.081632653,0.117647059,0.959092556,0.198295716,528
10232,0.064388656,0.036281179,0.235294118,0.000303601,0.35720866,528
10234,0.165271967,0.132653061,0.117647059,7.24E-05,0.085214187,528
10237,0.084728033,0.06462585,0.147058824,0.000649679,0.764394288,528
10238,0.487447699,0.489795918,0,9.89E-05,0.11630585,528
10240,0.267782427,0.234693878,0.058823529,0.993248744,0.091662828,528
10169,0.189907485,0.161680672,0.047058824,0.000449652,0.127516779,534
10170,1,0.855462185,0,0.004731188,0.03485421,534
10171,0.017838962,0.026271561,0.211764706,0.480749393,0.915515199,534
10172,0.086837679,0.078571429,0.082352941,0.395003316,0.359426992,534
10174,0.01334886,0.010471881,0.447058824,0.275469117,0.528396594,534
10175,0.204373423,0.161680672,0.047058824,0.651991166,0.242682308,534
10176,0.204373423,0.132773109,0.047058824,0.196395825,0.000169195,534
10178,0.132043734,0.11212485,0.070588235,0.033641752,0.053070893,534
10179,0.113961312,0.108683473,0.058823529,0.000943851,0.267666798,534
10181,0.249579479,0.241176471,0.035294118,0.152505551,0.07850657,534
10183,0.228483319,0.229131653,0.023529412,0.032758358,0.017821894,534
10184,0.16097561,0.219495798,0.047058824,0.000726881,0.206136146,534
10185,0.240538267,0.229131653,0.023529412,0.000127875,0.03626417,534
10186,0.336977853,0.325490196,0.023529412,0,0,534
10187,0.159167368,0.205042017,0.035294118,0.000199867,0.05668039,534
10188,0.138071208,0.132773109,0.058823529,0.466074953,0.489481699,534
10189,0.168208579,0.156862745,0.058823529,0.029642019,0.079634538,534
10190,0.403280067,0.421848739,0.011764706,0.000106596,0.030229541,534
10191,0.016066819,0.008171544,0.329411765,0.582819164,0.228413513,534
10192,0.059714045,0.06853408,0.094117647,0.429976722,0.066324516,534
10193,0.022102607,0.02292437,0.282352941,0.003423201,0.618803226,534
10196,0.197140454,0.190588235,0.047058824,6.32E-05,0.017934691,534
10197,0.13606205,0.100653595,0.094117647,0.018400524,0.664147538,534
10198,0.213414634,0.205042017,0.035294118,1,0.470644634,534
10199,0.457527334,0.494117647,0.011764706,0,0,534
10200,0.090712483,0.11212485,0.070588235,0.498116375,0.768879364,534
10201,0.144098682,0.108683473,0.058823529,0.413760619,0.179741695,534
10202,0.016549554,0.006885335,0.352941176,0.049701342,0.216513451,534
10204,0.240538267,0.229131653,0.023529412,0.745654377,0.400203034,534
10206,0.007727082,0.01232493,0.552941176,0.217322036,0.589588856,534
10208,0.082317073,0.078571429,0.082352941,0.001079284,0.306074107,534
10209,0.138071208,0.132773109,0.058823529,0.000126085,0.035756585,534
10210,0.004143675,0.002336544,0.470588235,0.468875085,0.546105691,534
10211,0.182674516,0.190588235,0.047058824,0.00050991,0.144605493,534
10213,0.25862069,0.205042017,0.035294118,0.223024918,0.087022729,534
10214,0,0,1,0.051311219,0.348993289,534
10215,0.312867956,0.325490196,0.023529412,0.000220948,0.06265862,534
10216,0.819175778,1,0,0.000388399,0.110146072,534
10217,0.032228764,0.02292437,0.282352941,0.523488391,0.511477074,534
10219,0.004261284,0.01232493,0.341176471,0.70451909,0.167390446,534
10220,0.168208579,0.161680672,0.047058824,0.085762981,0.067734476,534
10221,0.276703112,0.277310924,0.023529412,0.000561021,0.159099882,534
10223,0.110344828,0.161680672,0.047058824,0.000134239,0.038068919,534
10226,0.113961312,0.096638655,0.082352941,0.001581836,0.44859286,534
10227,0.039273046,0.032225064,0.258823529,0.687867853,1,534
10228,0.421362489,0.421848739,0.011764706,0.001772953,0.098302408,534
10230,0.124810765,0.161680672,0.047058824,0.105766024,0.077942586,534
10231,0.082317073,0.078571429,0.082352941,0.696646504,0.452258756,534
10232,0.159167368,0.168907563,0.035294118,0.000136427,0.038689301,534
10234,0.336977853,0.325490196,0.023529412,0.01566443,0.071795161,534
10237,0.710681245,0.71092437,0,0.00097408,0.276239355,534
10240,0.312867956,0.277310924,0.023529412,0.140603202,0.014155998,534
10169,0.710586443,1,0.014084507,2.95E-05,0.024705534,538
10170,0.580350343,0.656597774,0.028169014,0.004549329,0.033076524,538
10171,0.050500908,0.093065917,0.169014085,0.336505647,1,538
10172,0.435643564,0.484896661,0.042253521,0.102797741,0.067042003,538
10175,0.337242955,0.381875994,0.056338028,0.570292637,0.134046966,538
10176,0.428408225,0.484896661,0.042253521,0,0.020742277,538
10181,0.884234577,1,0.014084507,4.82E-05,0.027224239,538
10184,0.000317339,0,1,0.257135433,0.594821839,538
10186,0.971058644,1,0.014084507,0.000717807,0.117230906,538
10188,0.114876872,0.093799682,0.154929577,0.107817433,0.146233054,538
10189,0.457349581,0.484896661,0.042253521,0.000488825,0.086450848,538
10191,0.022803638,0.016926962,0.464788732,0.029392906,0.219719979,538
10192,0.657527291,0.656597774,0.028169014,0.057666528,0.058263575,538
10193,0.146230008,0.19872814,0.042253521,0.800309277,0.29216979,538
10196,0.647880173,0.656597774,0.028169014,0.125209039,0.11493444,538
10198,0.580350343,0.656597774,0.028169014,1,0.017779095,538
10199,0.927646611,1,0.014084507,0.012692103,0.05411512,538
10200,0.117288652,0.084260731,0,0.373842656,0.129676272,538
10201,0.66717441,1,0.014084507,0.578237566,0.13675087,538
10203,0.069053059,0.084260731,0.154929577,0.407536069,0.158159864,538
10204,0.051614037,0.093065917,0.352112676,0.002358983,0.33783984,538
10206,0.035288144,0.033386328,0.23943662,0.458944032,0.421068227,538
10208,0.192536177,0.244515103,0.056338028,0.751350401,0.23820283,538
10209,0.435643564,0.542130366,0.028169014,0.470982531,0.14193644,538
10210,0.884234577,1,0.014084507,0.017664401,0.074412919,538
10211,0.618938817,0.694753577,0.028169014,0.022691533,0.162863916,538
10213,0.428408225,0.484896661,0.042253521,8.43E-05,0.03207645,538
10214,0.006267714,0.003570591,0.845070423,0.01213687,0.660863768,538
10215,0.168739951,0.19872814,0.112676056,0.604443462,0.182717238,538
10216,0.725057121,0.713831479,0.014084507,0.000510318,0.089339951,538
10217,0,0.002928625,0.521126761,0.668005655,0.687939847,538
10218,0.804645849,0.771065183,0.042253521,0.000244964,0.053670642,538
10219,1,1,0.014084507,0.60523181,0,538
10220,0.118446306,0.09799682,0.338028169,0.409960908,0.814801096,538
10221,0.580350343,0.656597774,0.028169014,0.00102725,0.15882658,538
10223,0.111500381,0.244515103,0.056338028,0.002501993,0.112749093,538
10226,0.117288652,0.084260731,0,0.008772682,0.098488777,538
10228,0.435643564,0.542130366,0.028169014,0.000522994,0.091043781,538
10230,0.146230008,0.255961844,0.014084507,0.428881265,0.099525891,538
10231,0.117288652,0.152941176,0.126760563,0.886605989,0.301614934,538
10232,0.242701193,0.313195548,0.070422535,0.000342233,0.066745685,538
10234,0.428408225,0.484896661,0.042253521,0.020990012,0.16897548,538
10240,0.421172887,0.484896661,0.042253521,0.194598285,0.037336099,538
10169,0.785333333,0.656716418,0,0.000183848,0.064507542,542
10170,0.846666667,0.771144279,0,0.006347186,0.149157054,542
10171,0.356,0.313432836,0,0.000374271,0.131322094,542
10172,0.264,0.237147595,0.148148148,0.001994259,0.196184561,542
10174,0,0,0.777777778,0.172437652,0.835847382,542
10175,0.509333333,0.427860696,0.037037037,0.435650502,0.584383319,542
10176,0.233333333,0.199004975,0.148148148,0.03457685,0.058740018,542
10178,0.179666667,0.17039801,0.222222222,0.042651247,0.167701863,542
10179,0.131111111,0.199004975,0.148148148,0.087373124,0.586512866,542
10181,0.211428571,0.199004975,0.185185185,0.001235095,0.092812777,542
10184,0.253777778,0.275290215,0.148148148,0.000422825,0.148358474,542
10185,0.478666667,0.656716418,0,5.82E-05,0.020408163,542
10186,0.877333333,0.771144279,0,0,0,542
10188,0.085111111,0.084577114,0.37037037,0.000610467,0.214196983,542
10189,0.220190476,0.199004975,0.185185185,0.000168169,0.059006211,542
10190,0.693333333,0.771144279,0,0.027656371,0.149955634,542
10191,0.122933333,0.130348259,0.296296296,0.109720154,0.269387755,542
10192,0.025481481,0.029482218,0.925925926,0.050076232,0.727684117,542
10193,0.662666667,0.656716418,0,0.00168852,0.230612245,542
10196,0.417333333,0.370646766,0.074074074,0,0,542
10197,0.158857143,0.100923951,0.185185185,0.000620835,0.21783496,542
10198,0.087666667,0.098880597,0.518518519,1,0.456166815,542
10199,0.785333333,0.771144279,0,0,0,542
10201,0.141333333,0.141791045,0.222222222,0.02937195,0.129015084,542
10204,0.325333333,0.313432836,0.074074074,0.000312314,0.109582964,542
10206,0.075282051,0.058170685,0.407407407,0.001717602,0.160958296,542
10208,0.126,0.141791045,0.222222222,0.429975741,0.38447205,542
10209,0.040313725,0.050921861,0.555555556,0.001824825,0.64028394,542
10210,0.220190476,0.166311301,0.185185185,0.000262243,0.092014197,542
10213,0.253777778,0.199004975,0.148148148,0.272077517,0.090594499,542
10214,0.020781609,0.02539029,1,0.000685574,0.240550133,542
10215,0.754666667,0.656716418,0,0.129836982,0.028571429,542
10217,0.146051282,0.110983544,0.407407407,0.000355052,0.124578527,542
10218,1,1,0,0,0,542
10219,0.417333333,0.370646766,0.074074074,0.053421408,0.078615794,542
10221,1,1,0,0.000186883,0.065572316,542
10226,0.509333333,0.427860696,0.037037037,1.26E-06,0.000443656,542
10228,0.239466667,0.244776119,0.111111111,0.000170192,0.05971606,542
10230,0.016111111,0.027363184,0.814814815,0.328192414,1,542
10231,0.106285714,0.166311301,0.185185185,0.461627205,0.457763975,542
10232,0.371333333,0.313432836,0.074074074,0.00535916,0.280834073,542
10234,0.550222222,0.504145937,0.037037037,0.037651185,0.219609583,542
10237,0.304888889,0.427860696,0.037037037,0.000385651,0.135314996,542
10240,0.785333333,0.656716418,0,4.02E-05,0.014108252,542
10169,0.080062444,0.086956522,0.166666667,0.013641569,0.063197514,544
10170,0.286946179,0.304347826,0.047619048,0.003428745,0.256991553,544
10171,0.273862623,0.347826087,0.023809524,0.001381553,0.256160007,544
10172,0.052631579,0.051383399,0.238095238,0.000840545,0.155849271,544
10174,0.132560214,0.147826087,0.095238095,0.000258466,0.047923323,544
10175,0.108449089,0.105590062,0.142857143,0.405373399,0.380454287,544
10176,0.133214392,0.130434783,0.119047619,0.000258702,0.047967088,544
10178,0.205173952,0.217391304,0.071428571,0.000298829,0.055407239,544
10181,0.133214392,0.130434783,0.119047619,0.004986385,0.184296906,544
10184,0,0,0.5,0.111972376,0.148978073,544
10186,0.479928635,0.47826087,0.023809524,7.08E-07,0.000131297,544
10188,0.007640693,0.005671077,0.523809524,0.058952644,1,544
10190,0.901873327,1,0,0.00133883,0.248238435,544
10191,0.921498662,1,0,0.000746837,0.138474331,544
10193,0.267320845,0.695652174,0.119047619,0.002100065,0.389382468,544
10196,1,1,0,0.000261062,0.048404744,544
10198,0.073248092,0.072463768,0.19047619,1,0.268676966,544
10201,0.043710972,0.051383399,0.238095238,0.027019008,0.137949144,544
10204,0.033997423,0.072463768,0.19047619,0.000601671,0.111558493,544
10206,0.006656145,0.010033445,0.285714286,0.31974684,0.140356252,544
10208,0.063871543,0.060869565,0.214285714,0.340467778,0.379053788,544
10209,0.009148808,0.059656218,1,0.002252784,0.417698805,544
10210,0.440677966,0.47826087,0.023809524,1.18E-06,0.000218828,544
10213,0.306571514,0.304347826,0.047619048,0.005402999,0.055757364,544
10215,0.479928635,0.47826087,0.023809524,0.000123686,0.02293317,544
10217,0.352363961,0.304347826,0.023809524,0.418298818,0.148759245,544
10218,0.901873327,1,0,0,0,544
10221,0.901873327,1,0,6.61E-05,0.012254366,544
10227,0.034790366,0.043478261,0.238095238,0.039578797,0.228325091,544
10231,0.0544157,0.043478261,0.238095238,0.41946038,0.356645805,544
10232,0.306571514,0.304347826,0.047619048,0.000158856,0.029454243,544
10234,0.133214392,0.130434783,0.119047619,0.002879711,0.164646155,544
10169,0.132653061,0.090219864,0.013333333,0,0,545
10170,0.239332096,0.181197877,0,0.00468006,0.074484093,545
10171,0.068233354,0.070002527,0.106666667,0.004718566,0.329678991,545
10172,0.081632653,0.059893859,0.026666667,0.000245166,0.024863858,545
10175,0.248608534,0.181197877,0,0.506338111,0.310045858,545
10176,0.060760668,0.044730857,0.04,5.55E-05,0.005624821,545
10178,0.032600053,0.025235568,0.08,0.002907727,0.294891086,545
10181,0.123376623,0.090219864,0.013333333,0.00019041,0.019310691,545
10184,0.02666117,0.018616797,0.346666667,0.166400363,0.483233018,545
10186,0.248608534,0.181197877,0,3.18E-06,0.000322442,545
10188,0.024337008,0.019310529,0.213333333,0.008426793,0.522499283,545
10190,0.248608534,0.181197877,0,0.000162855,0.016516194,545
10191,0.248608534,0.181197877,0,0.000233508,0.023681571,545
10193,0.013450835,0.021986353,0.253333333,0.004222934,0.428274577,545
10196,0.123376623,0.090219864,0.013333333,0.000347613,0.035253654,545
10198,0.248608534,0.181197877,0,1,0.128511035,545
10199,0.081632653,0.059893859,0.026666667,0.000120463,0.012216968,545
10201,0.084724799,0.059893859,0.026666667,0.014026402,0.075630553,545
10203,0.013218924,0.007771039,0.093333333,0.001246674,0.126433075,545
10204,0.114100186,0.090219864,0.013333333,0.034168535,0.061013184,545
10206,0.013423551,0.009945146,0.213333333,0.055035569,0.133598452,545
10208,0.072356215,0.054478501,0.08,0.475936091,0.308469475,545
10209,0,0,0.386666667,0.000779303,0.079034107,545
10210,0.128014842,0.090219864,0.013333333,0.000261063,0.026476068,545
10213,0.033925258,0.025235568,0.08,0.016431786,0.032924907,545
10215,0.248608534,0.181197877,0,0.494702609,0.016695328,545
10217,0.03432282,0.047005307,0.12,0.624831802,0.162116652,545
10221,1,1,0,0.001098302,0.111385784,545
10226,0.025974026,0.019459186,0.106666667,0.000952757,0.096625107,545
10227,0.081632653,0.059893859,0.026666667,0.062179655,0.479793637,545
10231,0.00363734,0.006723594,1,0.66901541,1,545
10232,0.048237477,0.035633055,0.053333333,0.00032783,0.033247349,545
10234,0.081632653,0.059893859,0.026666667,0.000132121,0.013399255,545
