studentID,atv,test 1,test 2,avg test,avg class atvs,avg atv,grades
10169,454,3.9,10,6.95,7.026666667,8.977370722,7.48
10170,454,5.2,7.5,6.35,6.226666667,9.992063492,7.23
10171,454,10.5,9.5,9.75,9.276666667,9.952380952,9.68
10172,454,7.555555556,10,8.777777778,8.19,9.950654249,8.92
10174,454,0.755555556,7.5,4.127777778,5.613333333,8.493107769,5.59
10175,454,7,10,8.5,9.796666667,10,9.2
10176,454,9,10,9.5,7.303333333,9.965747703,9.07
10178,454,4.805555556,7,5.902777778,5.743333333,8.238685361,6.45
10179,454,6.333333333,7.5,6.916666667,8.68,8.428571429,7.74
10181,454,9.433333333,10,9.716666667,7.09,9.921766922,9.11
10183,454,5.277777778,2.75,4.013888889,5.27,6.943631409,5.06
10184,454,8.277777778,10,9.138888889,7.766666667,10,9.01
10185,454,6.055555556,7.5,6.777777778,8.6,8.197543099,7.59
10186,454,7.5,8,7.75,6.81,9.867069523,8.04
10187,454,5.555555556,8,6.777777778,5.896666667,7.329758495,6.7
10188,454,6.277777778,10,8.138888889,9.53,9.855419799,8.92
10189,454,3.916666667,10,6.958333333,6.11,7.845167489,6.97
10190,454,6.277777778,5,5.638888889,5.996666667,7.458552044,6.18
10191,454,9.5,10,9.75,8.813333333,9.934837093,9.56
10192,454,5.6,10,7.8,8.393333333,8.826577071,8.2
10193,454,8.833333333,10,9.416666667,8.15,9.727166529,9.18
10196,454,6,10,8,8.786666667,9.992481203,8.69
10197,454,7,10,8.5,7.796666667,8.543450342,8.34
10198,454,5,10,7.5,7.586666667,9.985284149,8.14
10199,454,10.5,10,10,7.22,7.588635286,8.7
10200,454,5.166666667,10,7.583333333,5.443333333,8.047619048,7.16
10201,454,8.055555556,10,9.027777778,8.02,9.47039072,8.89
10202,454,5.5,10,7.75,6.676666667,8.019748947,7.55
10203,454,5.277777778,10,7.638888889,4.036666667,7.458005643,6.69
10204,454,7,10,8.5,7.976666667,9.854917106,8.71
10206,454,6.055555556,9.5,7.777777778,7.983333333,9.959498608,8.37
10208,454,9.5,10,9.75,9.473333333,9.874108348,9.71
10209,454,8.5,10,9.25,9.85,9.659858837,9.5
10210,454,5,10,7.5,7.196666667,9.265059981,7.87
10211,454,10.5,9,9.5,8.276666667,8.516716471,8.95
10212,454,9,8,8.5,7.92,6.866186299,7.95
10213,454,5.333333333,10,7.666666667,7.453333333,9.917124542,8.18
10214,454,8,10,9,8.246666667,8.958333333,8.8
10215,454,9,10,9.5,8.686666667,9.115355054,9.2
10216,454,8,7.5,7.75,9.023333333,8.523809524,8.26
10217,454,8.6,9.5,9.05,9.486666667,10,9.4
10218,454,7.933333333,5.5,6.716666667,7.02,7.889901539,7.09
10219,454,2.5,10,6.25,7.52,8.919590643,7.23
10220,454,8.5,5.5,7,6.976666667,6.468253968,6.86
10221,454,3.977777778,10,6.988888889,3.453333333,8.946418341,6.59
10222,454,4.5,8,6.25,5.14,6.001984127,5.91
10223,454,9,10,9.5,8.443333333,7.486014716,8.73
10224,454,7.6,7,7.3,6.85,5.886760246,6.83
10226,454,6.083333333,10,8.041666667,7,8.01984127,7.78
10227,454,9,10,9.5,7.176666667,7.050509607,8.31
10228,454,8.166666667,10,9.083333333,5.426666667,8.752649523,8.09
10230,454,5.166666667,10,7.583333333,7.35,7.94484127,7.62
10231,454,9,10,9.5,9.286666667,9.702380952,9.5
10232,454,7,10,8.5,6.706666667,9.986111111,8.42
10233,454,8,9,8.5,7.1,5.691938179,7.45
10234,454,4.25,10,7.125,6.38,9.574979114,7.55
10237,454,5.6,10,7.8,7.61,8.368325831,7.89
10238,454,5.255555556,0,2.627777778,6.833333333,5.580513784,5.02
10240,454,6.166666667,10,8.083333333,6.31,8.464285714,7.74
10169,457,3.9,10,6.95,7.026666667,8.977370722,7.48
10170,457,5.2,7.5,6.35,6.226666667,9.992063492,7.23
10171,457,10.5,9.5,9.75,9.276666667,9.952380952,9.68
10172,457,7.555555556,10,8.777777778,8.19,9.950654249,8.92
10174,457,0.755555556,7.5,4.127777778,5.613333333,8.493107769,5.59
10175,457,7,10,8.5,9.796666667,10,9.2
10176,457,9,10,9.5,7.303333333,9.965747703,9.07
10178,457,4.805555556,7,5.902777778,5.743333333,8.238685361,6.45
10179,457,6.333333333,7.5,6.916666667,8.68,8.428571429,7.74
10181,457,9.433333333,10,9.716666667,7.09,9.921766922,9.11
10184,457,8.277777778,10,9.138888889,7.766666667,10,9.01
10185,457,6.055555556,7.5,6.777777778,8.6,8.197543099,7.59
10186,457,7.5,8,7.75,6.81,9.867069523,8.04
10187,457,5.555555556,8,6.777777778,5.896666667,7.329758495,6.7
10188,457,6.277777778,10,8.138888889,9.53,9.855419799,8.92
10189,457,3.916666667,10,6.958333333,6.11,7.845167489,6.97
10190,457,6.277777778,5,5.638888889,5.996666667,7.458552044,6.18
10191,457,9.5,10,9.75,8.813333333,9.934837093,9.56
10192,457,5.6,10,7.8,8.393333333,8.826577071,8.2
10193,457,8.833333333,10,9.416666667,8.15,9.727166529,9.18
10196,457,6,10,8,8.786666667,9.992481203,8.69
10197,457,7,10,8.5,7.796666667,8.543450342,8.34
10198,457,5,10,7.5,7.586666667,9.985284149,8.14
10199,457,10.5,10,10,7.22,7.588635286,8.7
10200,457,5.166666667,10,7.583333333,5.443333333,8.047619048,7.16
10201,457,8.055555556,10,9.027777778,8.02,9.47039072,8.89
10202,457,5.5,10,7.75,6.676666667,8.019748947,7.55
10203,457,5.277777778,10,7.638888889,4.036666667,7.458005643,6.69
10204,457,7,10,8.5,7.976666667,9.854917106,8.71
10206,457,6.055555556,9.5,7.777777778,7.983333333,9.959498608,8.37
10208,457,9.5,10,9.75,9.473333333,9.874108348,9.71
10209,457,8.5,10,9.25,9.85,9.659858837,9.5
10210,457,5,10,7.5,7.196666667,9.265059981,7.87
10211,457,10.5,9,9.5,8.276666667,8.516716471,8.95
10212,457,9,8,8.5,7.92,6.866186299,7.95
10213,457,5.333333333,10,7.666666667,7.453333333,9.917124542,8.18
10214,457,8,10,9,8.246666667,8.958333333,8.8
10215,457,9,10,9.5,8.686666667,9.115355054,9.2
10216,457,8,7.5,7.75,9.023333333,8.523809524,8.26
10217,457,8.6,9.5,9.05,9.486666667,10,9.4
10218,457,7.933333333,5.5,6.716666667,7.02,7.889901539,7.09
10219,457,2.5,10,6.25,7.52,8.919590643,7.23
10220,457,8.5,5.5,7,6.976666667,6.468253968,6.86
10221,457,3.977777778,10,6.988888889,3.453333333,8.946418341,6.59
10222,457,4.5,8,6.25,5.14,6.001984127,5.91
10223,457,9,10,9.5,8.443333333,7.486014716,8.73
10226,457,6.083333333,10,8.041666667,7,8.01984127,7.78
10227,457,9,10,9.5,7.176666667,7.050509607,8.31
10228,457,8.166666667,10,9.083333333,5.426666667,8.752649523,8.09
10230,457,5.166666667,10,7.583333333,7.35,7.94484127,7.62
10231,457,9,10,9.5,9.286666667,9.702380952,9.5
10232,457,7,10,8.5,6.706666667,9.986111111,8.42
10233,457,8,9,8.5,7.1,5.691938179,7.45
10234,457,4.25,10,7.125,6.38,9.574979114,7.55
10237,457,5.6,10,7.8,7.61,8.368325831,7.89
10238,457,5.255555556,0,2.627777778,6.833333333,5.580513784,5.02
10240,457,6.166666667,10,8.083333333,6.31,8.464285714,7.74
10169,478,3.9,10,6.95,7.026666667,8.977370722,7.48
10170,478,5.2,7.5,6.35,6.226666667,9.992063492,7.23
10171,478,10.5,9.5,9.75,9.276666667,9.952380952,9.68
10172,478,7.555555556,10,8.777777778,8.19,9.950654249,8.92
10174,478,0.755555556,7.5,4.127777778,5.613333333,8.493107769,5.59
10175,478,7,10,8.5,9.796666667,10,9.2
10176,478,9,10,9.5,7.303333333,9.965747703,9.07
10178,478,4.805555556,7,5.902777778,5.743333333,8.238685361,6.45
10179,478,6.333333333,7.5,6.916666667,8.68,8.428571429,7.74
10181,478,9.433333333,10,9.716666667,7.09,9.921766922,9.11
10183,478,5.277777778,2.75,4.013888889,5.27,6.943631409,5.06
10184,478,8.277777778,10,9.138888889,7.766666667,10,9.01
10185,478,6.055555556,7.5,6.777777778,8.6,8.197543099,7.59
10186,478,7.5,8,7.75,6.81,9.867069523,8.04
10187,478,5.555555556,8,6.777777778,5.896666667,7.329758495,6.7
10188,478,6.277777778,10,8.138888889,9.53,9.855419799,8.92
10189,478,3.916666667,10,6.958333333,6.11,7.845167489,6.97
10190,478,6.277777778,5,5.638888889,5.996666667,7.458552044,6.18
10191,478,9.5,10,9.75,8.813333333,9.934837093,9.56
10192,478,5.6,10,7.8,8.393333333,8.826577071,8.2
10193,478,8.833333333,10,9.416666667,8.15,9.727166529,9.18
10196,478,6,10,8,8.786666667,9.992481203,8.69
10197,478,7,10,8.5,7.796666667,8.543450342,8.34
10198,478,5,10,7.5,7.586666667,9.985284149,8.14
10200,478,5.166666667,10,7.583333333,5.443333333,8.047619048,7.16
10201,478,8.055555556,10,9.027777778,8.02,9.47039072,8.89
10202,478,5.5,10,7.75,6.676666667,8.019748947,7.55
10203,478,5.277777778,10,7.638888889,4.036666667,7.458005643,6.69
10204,478,7,10,8.5,7.976666667,9.854917106,8.71
10206,478,6.055555556,9.5,7.777777778,7.983333333,9.959498608,8.37
10208,478,9.5,10,9.75,9.473333333,9.874108348,9.71
10209,478,8.5,10,9.25,9.85,9.659858837,9.5
10210,478,5,10,7.5,7.196666667,9.265059981,7.87
10211,478,10.5,9,9.5,8.276666667,8.516716471,8.95
10213,478,5.333333333,10,7.666666667,7.453333333,9.917124542,8.18
10214,478,8,10,9,8.246666667,8.958333333,8.8
10215,478,9,10,9.5,8.686666667,9.115355054,9.2
10216,478,8,7.5,7.75,9.023333333,8.523809524,8.26
10217,478,8.6,9.5,9.05,9.486666667,10,9.4
10218,478,7.933333333,5.5,6.716666667,7.02,7.889901539,7.09
10219,478,2.5,10,6.25,7.52,8.919590643,7.23
10221,478,3.977777778,10,6.988888889,3.453333333,8.946418341,6.59
10222,478,4.5,8,6.25,5.14,6.001984127,5.91
10226,478,6.083333333,10,8.041666667,7,8.01984127,7.78
10227,478,9,10,9.5,7.176666667,7.050509607,8.31
10228,478,8.166666667,10,9.083333333,5.426666667,8.752649523,8.09
10230,478,5.166666667,10,7.583333333,7.35,7.94484127,7.62
10231,478,9,10,9.5,9.286666667,9.702380952,9.5
10232,478,7,10,8.5,6.706666667,9.986111111,8.42
10234,478,4.25,10,7.125,6.38,9.574979114,7.55
10237,478,5.6,10,7.8,7.61,8.368325831,7.89
10240,478,6.166666667,10,8.083333333,6.31,8.464285714,7.74
10169,493,3.9,10,6.95,7.026666667,8.977370722,7.48
10170,493,5.2,7.5,6.35,6.226666667,9.992063492,7.23
10171,493,10.5,9.5,9.75,9.276666667,9.952380952,9.68
10172,493,7.555555556,10,8.777777778,8.19,9.950654249,8.92
10174,493,0.755555556,7.5,4.127777778,5.613333333,8.493107769,5.59
10175,493,7,10,8.5,9.796666667,10,9.2
10176,493,9,10,9.5,7.303333333,9.965747703,9.07
10178,493,4.805555556,7,5.902777778,5.743333333,8.238685361,6.45
10179,493,6.333333333,7.5,6.916666667,8.68,8.428571429,7.74
10181,493,9.433333333,10,9.716666667,7.09,9.921766922,9.11
10183,493,5.277777778,2.75,4.013888889,5.27,6.943631409,5.06
10184,493,8.277777778,10,9.138888889,7.766666667,10,9.01
10185,493,6.055555556,7.5,6.777777778,8.6,8.197543099,7.59
10186,493,7.5,8,7.75,6.81,9.867069523,8.04
10187,493,5.555555556,8,6.777777778,5.896666667,7.329758495,6.7
10188,493,6.277777778,10,8.138888889,9.53,9.855419799,8.92
10189,493,3.916666667,10,6.958333333,6.11,7.845167489,6.97
10190,493,6.277777778,5,5.638888889,5.996666667,7.458552044,6.18
10191,493,9.5,10,9.75,8.813333333,9.934837093,9.56
10192,493,5.6,10,7.8,8.393333333,8.826577071,8.2
10193,493,8.833333333,10,9.416666667,8.15,9.727166529,9.18
10195,493,0,0,0,2.716666667,3.307777778,1.51
10196,493,6,10,8,8.786666667,9.992481203,8.69
10197,493,7,10,8.5,7.796666667,8.543450342,8.34
10198,493,5,10,7.5,7.586666667,9.985284149,8.14
10199,493,10.5,10,10,7.22,7.588635286,8.7
10200,493,5.166666667,10,7.583333333,5.443333333,8.047619048,7.16
10201,493,8.055555556,10,9.027777778,8.02,9.47039072,8.89
10202,493,5.5,10,7.75,6.676666667,8.019748947,7.55
10203,493,5.277777778,10,7.638888889,4.036666667,7.458005643,6.69
10204,493,7,10,8.5,7.976666667,9.854917106,8.71
10206,493,6.055555556,9.5,7.777777778,7.983333333,9.959498608,8.37
10208,493,9.5,10,9.75,9.473333333,9.874108348,9.71
10209,493,8.5,10,9.25,9.85,9.659858837,9.5
10210,493,5,10,7.5,7.196666667,9.265059981,7.87
10211,493,10.5,9,9.5,8.276666667,8.516716471,8.95
10212,493,9,8,8.5,7.92,6.866186299,7.95
10213,493,5.333333333,10,7.666666667,7.453333333,9.917124542,8.18
10214,493,8,10,9,8.246666667,8.958333333,8.8
10215,493,9,10,9.5,8.686666667,9.115355054,9.2
10216,493,8,7.5,7.75,9.023333333,8.523809524,8.26
10217,493,8.6,9.5,9.05,9.486666667,10,9.4
10218,493,7.933333333,5.5,6.716666667,7.02,7.889901539,7.09
10219,493,2.5,10,6.25,7.52,8.919590643,7.23
10220,493,8.5,5.5,7,6.976666667,6.468253968,6.86
10221,493,3.977777778,10,6.988888889,3.453333333,8.946418341,6.59
10222,493,4.5,8,6.25,5.14,6.001984127,5.91
10223,493,9,10,9.5,8.443333333,7.486014716,8.73
10226,493,6.083333333,10,8.041666667,7,8.01984127,7.78
10227,493,9,10,9.5,7.176666667,7.050509607,8.31
10228,493,8.166666667,10,9.083333333,5.426666667,8.752649523,8.09
10230,493,5.166666667,10,7.583333333,7.35,7.94484127,7.62
10231,493,9,10,9.5,9.286666667,9.702380952,9.5
10232,493,7,10,8.5,6.706666667,9.986111111,8.42
10233,493,8,9,8.5,7.1,5.691938179,7.45
10234,493,4.25,10,7.125,6.38,9.574979114,7.55
10237,493,5.6,10,7.8,7.61,8.368325831,7.89
10238,493,5.255555556,0,2.627777778,6.833333333,5.580513784,5.02
10240,493,6.166666667,10,8.083333333,6.31,8.464285714,7.74
10169,496,3.9,10,6.95,7.026666667,8.977370722,7.48
10170,496,5.2,7.5,6.35,6.226666667,9.992063492,7.23
10171,496,10.5,9.5,9.75,9.276666667,9.952380952,9.68
10172,496,7.555555556,10,8.777777778,8.19,9.950654249,8.92
10174,496,0.755555556,7.5,4.127777778,5.613333333,8.493107769,5.59
10175,496,7,10,8.5,9.796666667,10,9.2
10176,496,9,10,9.5,7.303333333,9.965747703,9.07
10178,496,4.805555556,7,5.902777778,5.743333333,8.238685361,6.45
10179,496,6.333333333,7.5,6.916666667,8.68,8.428571429,7.74
10181,496,9.433333333,10,9.716666667,7.09,9.921766922,9.11
10183,496,5.277777778,2.75,4.013888889,5.27,6.943631409,5.06
10184,496,8.277777778,10,9.138888889,7.766666667,10,9.01
10185,496,6.055555556,7.5,6.777777778,8.6,8.197543099,7.59
10186,496,7.5,8,7.75,6.81,9.867069523,8.04
10187,496,5.555555556,8,6.777777778,5.896666667,7.329758495,6.7
10188,496,6.277777778,10,8.138888889,9.53,9.855419799,8.92
10189,496,3.916666667,10,6.958333333,6.11,7.845167489,6.97
10190,496,6.277777778,5,5.638888889,5.996666667,7.458552044,6.18
10191,496,9.5,10,9.75,8.813333333,9.934837093,9.56
10192,496,5.6,10,7.8,8.393333333,8.826577071,8.2
10193,496,8.833333333,10,9.416666667,8.15,9.727166529,9.18
10195,496,0,0,0,2.716666667,3.307777778,1.51
10196,496,6,10,8,8.786666667,9.992481203,8.69
10197,496,7,10,8.5,7.796666667,8.543450342,8.34
10198,496,5,10,7.5,7.586666667,9.985284149,8.14
10199,496,10.5,10,10,7.22,7.588635286,8.7
10200,496,5.166666667,10,7.583333333,5.443333333,8.047619048,7.16
10201,496,8.055555556,10,9.027777778,8.02,9.47039072,8.89
10202,496,5.5,10,7.75,6.676666667,8.019748947,7.55
10203,496,5.277777778,10,7.638888889,4.036666667,7.458005643,6.69
10204,496,7,10,8.5,7.976666667,9.854917106,8.71
10206,496,6.055555556,9.5,7.777777778,7.983333333,9.959498608,8.37
10208,496,9.5,10,9.75,9.473333333,9.874108348,9.71
10209,496,8.5,10,9.25,9.85,9.659858837,9.5
10210,496,5,10,7.5,7.196666667,9.265059981,7.87
10211,496,10.5,9,9.5,8.276666667,8.516716471,8.95
10212,496,9,8,8.5,7.92,6.866186299,7.95
10213,496,5.333333333,10,7.666666667,7.453333333,9.917124542,8.18
10214,496,8,10,9,8.246666667,8.958333333,8.8
10215,496,9,10,9.5,8.686666667,9.115355054,9.2
10216,496,8,7.5,7.75,9.023333333,8.523809524,8.26
10217,496,8.6,9.5,9.05,9.486666667,10,9.4
10218,496,7.933333333,5.5,6.716666667,7.02,7.889901539,7.09
10219,496,2.5,10,6.25,7.52,8.919590643,7.23
10220,496,8.5,5.5,7,6.976666667,6.468253968,6.86
10221,496,3.977777778,10,6.988888889,3.453333333,8.946418341,6.59
10222,496,4.5,8,6.25,5.14,6.001984127,5.91
10223,496,9,10,9.5,8.443333333,7.486014716,8.73
10226,496,6.083333333,10,8.041666667,7,8.01984127,7.78
10227,496,9,10,9.5,7.176666667,7.050509607,8.31
10228,496,8.166666667,10,9.083333333,5.426666667,8.752649523,8.09
10230,496,5.166666667,10,7.583333333,7.35,7.94484127,7.62
10231,496,9,10,9.5,9.286666667,9.702380952,9.5
10232,496,7,10,8.5,6.706666667,9.986111111,8.42
10233,496,8,9,8.5,7.1,5.691938179,7.45
10234,496,4.25,10,7.125,6.38,9.574979114,7.55
10237,496,5.6,10,7.8,7.61,8.368325831,7.89
10238,496,5.255555556,0,2.627777778,6.833333333,5.580513784,5.02
10240,496,6.166666667,10,8.083333333,6.31,8.464285714,7.74
10169,497,3.9,10,6.95,7.026666667,8.977370722,7.48
10170,497,5.2,7.5,6.35,6.226666667,9.992063492,7.23
10171,497,10.5,9.5,9.75,9.276666667,9.952380952,9.68
10172,497,7.555555556,10,8.777777778,8.19,9.950654249,8.92
10174,497,0.755555556,7.5,4.127777778,5.613333333,8.493107769,5.59
10175,497,7,10,8.5,9.796666667,10,9.2
10176,497,9,10,9.5,7.303333333,9.965747703,9.07
10178,497,4.805555556,7,5.902777778,5.743333333,8.238685361,6.45
10179,497,6.333333333,7.5,6.916666667,8.68,8.428571429,7.74
10181,497,9.433333333,10,9.716666667,7.09,9.921766922,9.11
10183,497,5.277777778,2.75,4.013888889,5.27,6.943631409,5.06
10184,497,8.277777778,10,9.138888889,7.766666667,10,9.01
10185,497,6.055555556,7.5,6.777777778,8.6,8.197543099,7.59
10186,497,7.5,8,7.75,6.81,9.867069523,8.04
10187,497,5.555555556,8,6.777777778,5.896666667,7.329758495,6.7
10188,497,6.277777778,10,8.138888889,9.53,9.855419799,8.92
10189,497,3.916666667,10,6.958333333,6.11,7.845167489,6.97
10190,497,6.277777778,5,5.638888889,5.996666667,7.458552044,6.18
10191,497,9.5,10,9.75,8.813333333,9.934837093,9.56
10192,497,5.6,10,7.8,8.393333333,8.826577071,8.2
10193,497,8.833333333,10,9.416666667,8.15,9.727166529,9.18
10195,497,0,0,0,2.716666667,3.307777778,1.51
10196,497,6,10,8,8.786666667,9.992481203,8.69
10197,497,7,10,8.5,7.796666667,8.543450342,8.34
10198,497,5,10,7.5,7.586666667,9.985284149,8.14
10199,497,10.5,10,10,7.22,7.588635286,8.7
10200,497,5.166666667,10,7.583333333,5.443333333,8.047619048,7.16
10201,497,8.055555556,10,9.027777778,8.02,9.47039072,8.89
10202,497,5.5,10,7.75,6.676666667,8.019748947,7.55
10203,497,5.277777778,10,7.638888889,4.036666667,7.458005643,6.69
10204,497,7,10,8.5,7.976666667,9.854917106,8.71
10206,497,6.055555556,9.5,7.777777778,7.983333333,9.959498608,8.37
10208,497,9.5,10,9.75,9.473333333,9.874108348,9.71
10209,497,8.5,10,9.25,9.85,9.659858837,9.5
10210,497,5,10,7.5,7.196666667,9.265059981,7.87
10211,497,10.5,9,9.5,8.276666667,8.516716471,8.95
10212,497,9,8,8.5,7.92,6.866186299,7.95
10213,497,5.333333333,10,7.666666667,7.453333333,9.917124542,8.18
10214,497,8,10,9,8.246666667,8.958333333,8.8
10215,497,9,10,9.5,8.686666667,9.115355054,9.2
10216,497,8,7.5,7.75,9.023333333,8.523809524,8.26
10217,497,8.6,9.5,9.05,9.486666667,10,9.4
10218,497,7.933333333,5.5,6.716666667,7.02,7.889901539,7.09
10219,497,2.5,10,6.25,7.52,8.919590643,7.23
10220,497,8.5,5.5,7,6.976666667,6.468253968,6.86
10221,497,3.977777778,10,6.988888889,3.453333333,8.946418341,6.59
10222,497,4.5,8,6.25,5.14,6.001984127,5.91
10223,497,9,10,9.5,8.443333333,7.486014716,8.73
10226,497,6.083333333,10,8.041666667,7,8.01984127,7.78
10227,497,9,10,9.5,7.176666667,7.050509607,8.31
10228,497,8.166666667,10,9.083333333,5.426666667,8.752649523,8.09
10230,497,5.166666667,10,7.583333333,7.35,7.94484127,7.62
10231,497,9,10,9.5,9.286666667,9.702380952,9.5
10232,497,7,10,8.5,6.706666667,9.986111111,8.42
10233,497,8,9,8.5,7.1,5.691938179,7.45
10234,497,4.25,10,7.125,6.38,9.574979114,7.55
10237,497,5.6,10,7.8,7.61,8.368325831,7.89
10238,497,5.255555556,0,2.627777778,6.833333333,5.580513784,5.02
10240,497,6.166666667,10,8.083333333,6.31,8.464285714,7.74
10169,498,3.9,10,6.95,7.026666667,8.977370722,7.48
10170,498,5.2,7.5,6.35,6.226666667,9.992063492,7.23
10171,498,10.5,9.5,9.75,9.276666667,9.952380952,9.68
10172,498,7.555555556,10,8.777777778,8.19,9.950654249,8.92
10174,498,0.755555556,7.5,4.127777778,5.613333333,8.493107769,5.59
10175,498,7,10,8.5,9.796666667,10,9.2
10176,498,9,10,9.5,7.303333333,9.965747703,9.07
10178,498,4.805555556,7,5.902777778,5.743333333,8.238685361,6.45
10179,498,6.333333333,7.5,6.916666667,8.68,8.428571429,7.74
10181,498,9.433333333,10,9.716666667,7.09,9.921766922,9.11
10183,498,5.277777778,2.75,4.013888889,5.27,6.943631409,5.06
10184,498,8.277777778,10,9.138888889,7.766666667,10,9.01
10185,498,6.055555556,7.5,6.777777778,8.6,8.197543099,7.59
10186,498,7.5,8,7.75,6.81,9.867069523,8.04
10187,498,5.555555556,8,6.777777778,5.896666667,7.329758495,6.7
10188,498,6.277777778,10,8.138888889,9.53,9.855419799,8.92
10189,498,3.916666667,10,6.958333333,6.11,7.845167489,6.97
10190,498,6.277777778,5,5.638888889,5.996666667,7.458552044,6.18
10191,498,9.5,10,9.75,8.813333333,9.934837093,9.56
10192,498,5.6,10,7.8,8.393333333,8.826577071,8.2
10193,498,8.833333333,10,9.416666667,8.15,9.727166529,9.18
10195,498,0,0,0,2.716666667,3.307777778,1.51
10196,498,6,10,8,8.786666667,9.992481203,8.69
10197,498,7,10,8.5,7.796666667,8.543450342,8.34
10198,498,5,10,7.5,7.586666667,9.985284149,8.14
10199,498,10.5,10,10,7.22,7.588635286,8.7
10200,498,5.166666667,10,7.583333333,5.443333333,8.047619048,7.16
10201,498,8.055555556,10,9.027777778,8.02,9.47039072,8.89
10202,498,5.5,10,7.75,6.676666667,8.019748947,7.55
10203,498,5.277777778,10,7.638888889,4.036666667,7.458005643,6.69
10204,498,7,10,8.5,7.976666667,9.854917106,8.71
10206,498,6.055555556,9.5,7.777777778,7.983333333,9.959498608,8.37
10208,498,9.5,10,9.75,9.473333333,9.874108348,9.71
10209,498,8.5,10,9.25,9.85,9.659858837,9.5
10210,498,5,10,7.5,7.196666667,9.265059981,7.87
10211,498,10.5,9,9.5,8.276666667,8.516716471,8.95
10212,498,9,8,8.5,7.92,6.866186299,7.95
10213,498,5.333333333,10,7.666666667,7.453333333,9.917124542,8.18
10214,498,8,10,9,8.246666667,8.958333333,8.8
10215,498,9,10,9.5,8.686666667,9.115355054,9.2
10216,498,8,7.5,7.75,9.023333333,8.523809524,8.26
10217,498,8.6,9.5,9.05,9.486666667,10,9.4
10218,498,7.933333333,5.5,6.716666667,7.02,7.889901539,7.09
10219,498,2.5,10,6.25,7.52,8.919590643,7.23
10220,498,8.5,5.5,7,6.976666667,6.468253968,6.86
10221,498,3.977777778,10,6.988888889,3.453333333,8.946418341,6.59
10222,498,4.5,8,6.25,5.14,6.001984127,5.91
10223,498,9,10,9.5,8.443333333,7.486014716,8.73
10226,498,6.083333333,10,8.041666667,7,8.01984127,7.78
10227,498,9,10,9.5,7.176666667,7.050509607,8.31
10228,498,8.166666667,10,9.083333333,5.426666667,8.752649523,8.09
10230,498,5.166666667,10,7.583333333,7.35,7.94484127,7.62
10231,498,9,10,9.5,9.286666667,9.702380952,9.5
10232,498,7,10,8.5,6.706666667,9.986111111,8.42
10233,498,8,9,8.5,7.1,5.691938179,7.45
10234,498,4.25,10,7.125,6.38,9.574979114,7.55
10237,498,5.6,10,7.8,7.61,8.368325831,7.89
10238,498,5.255555556,0,2.627777778,6.833333333,5.580513784,5.02
10240,498,6.166666667,10,8.083333333,6.31,8.464285714,7.74
10169,504,3.9,10,6.95,7.026666667,8.977370722,7.48
10170,504,5.2,7.5,6.35,6.226666667,9.992063492,7.23
10171,504,10.5,9.5,9.75,9.276666667,9.952380952,9.68
10172,504,7.555555556,10,8.777777778,8.19,9.950654249,8.92
10174,504,0.755555556,7.5,4.127777778,5.613333333,8.493107769,5.59
10175,504,7,10,8.5,9.796666667,10,9.2
10176,504,9,10,9.5,7.303333333,9.965747703,9.07
10178,504,4.805555556,7,5.902777778,5.743333333,8.238685361,6.45
10179,504,6.333333333,7.5,6.916666667,8.68,8.428571429,7.74
10181,504,9.433333333,10,9.716666667,7.09,9.921766922,9.11
10183,504,5.277777778,2.75,4.013888889,5.27,6.943631409,5.06
10184,504,8.277777778,10,9.138888889,7.766666667,10,9.01
10185,504,6.055555556,7.5,6.777777778,8.6,8.197543099,7.59
10186,504,7.5,8,7.75,6.81,9.867069523,8.04
10187,504,5.555555556,8,6.777777778,5.896666667,7.329758495,6.7
10188,504,6.277777778,10,8.138888889,9.53,9.855419799,8.92
10189,504,3.916666667,10,6.958333333,6.11,7.845167489,6.97
10190,504,6.277777778,5,5.638888889,5.996666667,7.458552044,6.18
10191,504,9.5,10,9.75,8.813333333,9.934837093,9.56
10192,504,5.6,10,7.8,8.393333333,8.826577071,8.2
10193,504,8.833333333,10,9.416666667,8.15,9.727166529,9.18
10195,504,0,0,0,2.716666667,3.307777778,1.51
10196,504,6,10,8,8.786666667,9.992481203,8.69
10197,504,7,10,8.5,7.796666667,8.543450342,8.34
10198,504,5,10,7.5,7.586666667,9.985284149,8.14
10199,504,10.5,10,10,7.22,7.588635286,8.7
10200,504,5.166666667,10,7.583333333,5.443333333,8.047619048,7.16
10201,504,8.055555556,10,9.027777778,8.02,9.47039072,8.89
10202,504,5.5,10,7.75,6.676666667,8.019748947,7.55
10203,504,5.277777778,10,7.638888889,4.036666667,7.458005643,6.69
10204,504,7,10,8.5,7.976666667,9.854917106,8.71
10206,504,6.055555556,9.5,7.777777778,7.983333333,9.959498608,8.37
10208,504,9.5,10,9.75,9.473333333,9.874108348,9.71
10209,504,8.5,10,9.25,9.85,9.659858837,9.5
10210,504,5,10,7.5,7.196666667,9.265059981,7.87
10211,504,10.5,9,9.5,8.276666667,8.516716471,8.95
10212,504,9,8,8.5,7.92,6.866186299,7.95
10213,504,5.333333333,10,7.666666667,7.453333333,9.917124542,8.18
10214,504,8,10,9,8.246666667,8.958333333,8.8
10215,504,9,10,9.5,8.686666667,9.115355054,9.2
10216,504,8,7.5,7.75,9.023333333,8.523809524,8.26
10217,504,8.6,9.5,9.05,9.486666667,10,9.4
10218,504,7.933333333,5.5,6.716666667,7.02,7.889901539,7.09
10219,504,2.5,10,6.25,7.52,8.919590643,7.23
10220,504,8.5,5.5,7,6.976666667,6.468253968,6.86
10221,504,3.977777778,10,6.988888889,3.453333333,8.946418341,6.59
10222,504,4.5,8,6.25,5.14,6.001984127,5.91
10223,504,9,10,9.5,8.443333333,7.486014716,8.73
10226,504,6.083333333,10,8.041666667,7,8.01984127,7.78
10227,504,9,10,9.5,7.176666667,7.050509607,8.31
10228,504,8.166666667,10,9.083333333,5.426666667,8.752649523,8.09
10230,504,5.166666667,10,7.583333333,7.35,7.94484127,7.62
10231,504,9,10,9.5,9.286666667,9.702380952,9.5
10232,504,7,10,8.5,6.706666667,9.986111111,8.42
10233,504,8,9,8.5,7.1,5.691938179,7.45
10234,504,4.25,10,7.125,6.38,9.574979114,7.55
10237,504,5.6,10,7.8,7.61,8.368325831,7.89
10238,504,5.255555556,0,2.627777778,6.833333333,5.580513784,5.02
10240,504,6.166666667,10,8.083333333,6.31,8.464285714,7.74
10169,515,3.9,10,6.95,7.026666667,8.977370722,7.48
10170,515,5.2,7.5,6.35,6.226666667,9.992063492,7.23
10171,515,10.5,9.5,9.75,9.276666667,9.952380952,9.68
10172,515,7.555555556,10,8.777777778,8.19,9.950654249,8.92
10174,515,0.755555556,7.5,4.127777778,5.613333333,8.493107769,5.59
10175,515,7,10,8.5,9.796666667,10,9.2
10176,515,9,10,9.5,7.303333333,9.965747703,9.07
10178,515,4.805555556,7,5.902777778,5.743333333,8.238685361,6.45
10179,515,6.333333333,7.5,6.916666667,8.68,8.428571429,7.74
10181,515,9.433333333,10,9.716666667,7.09,9.921766922,9.11
10183,515,5.277777778,2.75,4.013888889,5.27,6.943631409,5.06
10184,515,8.277777778,10,9.138888889,7.766666667,10,9.01
10185,515,6.055555556,7.5,6.777777778,8.6,8.197543099,7.59
10186,515,7.5,8,7.75,6.81,9.867069523,8.04
10187,515,5.555555556,8,6.777777778,5.896666667,7.329758495,6.7
10188,515,6.277777778,10,8.138888889,9.53,9.855419799,8.92
10189,515,3.916666667,10,6.958333333,6.11,7.845167489,6.97
10190,515,6.277777778,5,5.638888889,5.996666667,7.458552044,6.18
10191,515,9.5,10,9.75,8.813333333,9.934837093,9.56
10192,515,5.6,10,7.8,8.393333333,8.826577071,8.2
10193,515,8.833333333,10,9.416666667,8.15,9.727166529,9.18
10195,515,0,0,0,2.716666667,3.307777778,1.51
10196,515,6,10,8,8.786666667,9.992481203,8.69
10197,515,7,10,8.5,7.796666667,8.543450342,8.34
10198,515,5,10,7.5,7.586666667,9.985284149,8.14
10199,515,10.5,10,10,7.22,7.588635286,8.7
10200,515,5.166666667,10,7.583333333,5.443333333,8.047619048,7.16
10201,515,8.055555556,10,9.027777778,8.02,9.47039072,8.89
10202,515,5.5,10,7.75,6.676666667,8.019748947,7.55
10203,515,5.277777778,10,7.638888889,4.036666667,7.458005643,6.69
10204,515,7,10,8.5,7.976666667,9.854917106,8.71
10206,515,6.055555556,9.5,7.777777778,7.983333333,9.959498608,8.37
10208,515,9.5,10,9.75,9.473333333,9.874108348,9.71
10209,515,8.5,10,9.25,9.85,9.659858837,9.5
10210,515,5,10,7.5,7.196666667,9.265059981,7.87
10211,515,10.5,9,9.5,8.276666667,8.516716471,8.95
10212,515,9,8,8.5,7.92,6.866186299,7.95
10213,515,5.333333333,10,7.666666667,7.453333333,9.917124542,8.18
10214,515,8,10,9,8.246666667,8.958333333,8.8
10215,515,9,10,9.5,8.686666667,9.115355054,9.2
10216,515,8,7.5,7.75,9.023333333,8.523809524,8.26
10217,515,8.6,9.5,9.05,9.486666667,10,9.4
10218,515,7.933333333,5.5,6.716666667,7.02,7.889901539,7.09
10219,515,2.5,10,6.25,7.52,8.919590643,7.23
10220,515,8.5,5.5,7,6.976666667,6.468253968,6.86
10221,515,3.977777778,10,6.988888889,3.453333333,8.946418341,6.59
10222,515,4.5,8,6.25,5.14,6.001984127,5.91
10223,515,9,10,9.5,8.443333333,7.486014716,8.73
10226,515,6.083333333,10,8.041666667,7,8.01984127,7.78
10227,515,9,10,9.5,7.176666667,7.050509607,8.31
10228,515,8.166666667,10,9.083333333,5.426666667,8.752649523,8.09
10230,515,5.166666667,10,7.583333333,7.35,7.94484127,7.62
10231,515,9,10,9.5,9.286666667,9.702380952,9.5
10232,515,7,10,8.5,6.706666667,9.986111111,8.42
10233,515,8,9,8.5,7.1,5.691938179,7.45
10234,515,4.25,10,7.125,6.38,9.574979114,7.55
10237,515,5.6,10,7.8,7.61,8.368325831,7.89
10238,515,5.255555556,0,2.627777778,6.833333333,5.580513784,5.02
10240,515,6.166666667,10,8.083333333,6.31,8.464285714,7.74
10169,520,3.9,10,6.95,7.026666667,8.977370722,7.48
10170,520,5.2,7.5,6.35,6.226666667,9.992063492,7.23
10171,520,10.5,9.5,9.75,9.276666667,9.952380952,9.68
10172,520,7.555555556,10,8.777777778,8.19,9.950654249,8.92
10174,520,0.755555556,7.5,4.127777778,5.613333333,8.493107769,5.59
10175,520,7,10,8.5,9.796666667,10,9.2
10176,520,9,10,9.5,7.303333333,9.965747703,9.07
10178,520,4.805555556,7,5.902777778,5.743333333,8.238685361,6.45
10179,520,6.333333333,7.5,6.916666667,8.68,8.428571429,7.74
10181,520,9.433333333,10,9.716666667,7.09,9.921766922,9.11
10183,520,5.277777778,2.75,4.013888889,5.27,6.943631409,5.06
10184,520,8.277777778,10,9.138888889,7.766666667,10,9.01
10185,520,6.055555556,7.5,6.777777778,8.6,8.197543099,7.59
10186,520,7.5,8,7.75,6.81,9.867069523,8.04
10187,520,5.555555556,8,6.777777778,5.896666667,7.329758495,6.7
10188,520,6.277777778,10,8.138888889,9.53,9.855419799,8.92
10189,520,3.916666667,10,6.958333333,6.11,7.845167489,6.97
10190,520,6.277777778,5,5.638888889,5.996666667,7.458552044,6.18
10191,520,9.5,10,9.75,8.813333333,9.934837093,9.56
10192,520,5.6,10,7.8,8.393333333,8.826577071,8.2
10193,520,8.833333333,10,9.416666667,8.15,9.727166529,9.18
10196,520,6,10,8,8.786666667,9.992481203,8.69
10197,520,7,10,8.5,7.796666667,8.543450342,8.34
10198,520,5,10,7.5,7.586666667,9.985284149,8.14
10199,520,10.5,10,10,7.22,7.588635286,8.7
10200,520,5.166666667,10,7.583333333,5.443333333,8.047619048,7.16
10201,520,8.055555556,10,9.027777778,8.02,9.47039072,8.89
10202,520,5.5,10,7.75,6.676666667,8.019748947,7.55
10203,520,5.277777778,10,7.638888889,4.036666667,7.458005643,6.69
10204,520,7,10,8.5,7.976666667,9.854917106,8.71
10206,520,6.055555556,9.5,7.777777778,7.983333333,9.959498608,8.37
10208,520,9.5,10,9.75,9.473333333,9.874108348,9.71
10209,520,8.5,10,9.25,9.85,9.659858837,9.5
10210,520,5,10,7.5,7.196666667,9.265059981,7.87
10211,520,10.5,9,9.5,8.276666667,8.516716471,8.95
10212,520,9,8,8.5,7.92,6.866186299,7.95
10213,520,5.333333333,10,7.666666667,7.453333333,9.917124542,8.18
10214,520,8,10,9,8.246666667,8.958333333,8.8
10215,520,9,10,9.5,8.686666667,9.115355054,9.2
10216,520,8,7.5,7.75,9.023333333,8.523809524,8.26
10217,520,8.6,9.5,9.05,9.486666667,10,9.4
10218,520,7.933333333,5.5,6.716666667,7.02,7.889901539,7.09
10219,520,2.5,10,6.25,7.52,8.919590643,7.23
10220,520,8.5,5.5,7,6.976666667,6.468253968,6.86
10221,520,3.977777778,10,6.988888889,3.453333333,8.946418341,6.59
10222,520,4.5,8,6.25,5.14,6.001984127,5.91
10223,520,9,10,9.5,8.443333333,7.486014716,8.73
10227,520,9,10,9.5,7.176666667,7.050509607,8.31
10228,520,8.166666667,10,9.083333333,5.426666667,8.752649523,8.09
10230,520,5.166666667,10,7.583333333,7.35,7.94484127,7.62
10231,520,9,10,9.5,9.286666667,9.702380952,9.5
10232,520,7,10,8.5,6.706666667,9.986111111,8.42
10233,520,8,9,8.5,7.1,5.691938179,7.45
10234,520,4.25,10,7.125,6.38,9.574979114,7.55
10237,520,5.6,10,7.8,7.61,8.368325831,7.89
10238,520,5.255555556,0,2.627777778,6.833333333,5.580513784,5.02
10240,520,6.166666667,10,8.083333333,6.31,8.464285714,7.74
10169,522,3.9,10,6.95,7.026666667,8.977370722,7.48
10170,522,5.2,7.5,6.35,6.226666667,9.992063492,7.23
10171,522,10.5,9.5,9.75,9.276666667,9.952380952,9.68
10172,522,7.555555556,10,8.777777778,8.19,9.950654249,8.92
10174,522,0.755555556,7.5,4.127777778,5.613333333,8.493107769,5.59
10175,522,7,10,8.5,9.796666667,10,9.2
10176,522,9,10,9.5,7.303333333,9.965747703,9.07
10178,522,4.805555556,7,5.902777778,5.743333333,8.238685361,6.45
10179,522,6.333333333,7.5,6.916666667,8.68,8.428571429,7.74
10181,522,9.433333333,10,9.716666667,7.09,9.921766922,9.11
10183,522,5.277777778,2.75,4.013888889,5.27,6.943631409,5.06
10184,522,8.277777778,10,9.138888889,7.766666667,10,9.01
10185,522,6.055555556,7.5,6.777777778,8.6,8.197543099,7.59
10186,522,7.5,8,7.75,6.81,9.867069523,8.04
10187,522,5.555555556,8,6.777777778,5.896666667,7.329758495,6.7
10188,522,6.277777778,10,8.138888889,9.53,9.855419799,8.92
10189,522,3.916666667,10,6.958333333,6.11,7.845167489,6.97
10190,522,6.277777778,5,5.638888889,5.996666667,7.458552044,6.18
10191,522,9.5,10,9.75,8.813333333,9.934837093,9.56
10192,522,5.6,10,7.8,8.393333333,8.826577071,8.2
10193,522,8.833333333,10,9.416666667,8.15,9.727166529,9.18
10196,522,6,10,8,8.786666667,9.992481203,8.69
10197,522,7,10,8.5,7.796666667,8.543450342,8.34
10198,522,5,10,7.5,7.586666667,9.985284149,8.14
10199,522,10.5,10,10,7.22,7.588635286,8.7
10200,522,5.166666667,10,7.583333333,5.443333333,8.047619048,7.16
10201,522,8.055555556,10,9.027777778,8.02,9.47039072,8.89
10202,522,5.5,10,7.75,6.676666667,8.019748947,7.55
10203,522,5.277777778,10,7.638888889,4.036666667,7.458005643,6.69
10204,522,7,10,8.5,7.976666667,9.854917106,8.71
10206,522,6.055555556,9.5,7.777777778,7.983333333,9.959498608,8.37
10208,522,9.5,10,9.75,9.473333333,9.874108348,9.71
10209,522,8.5,10,9.25,9.85,9.659858837,9.5
10210,522,5,10,7.5,7.196666667,9.265059981,7.87
10211,522,10.5,9,9.5,8.276666667,8.516716471,8.95
10212,522,9,8,8.5,7.92,6.866186299,7.95
10213,522,5.333333333,10,7.666666667,7.453333333,9.917124542,8.18
10214,522,8,10,9,8.246666667,8.958333333,8.8
10215,522,9,10,9.5,8.686666667,9.115355054,9.2
10216,522,8,7.5,7.75,9.023333333,8.523809524,8.26
10217,522,8.6,9.5,9.05,9.486666667,10,9.4
10218,522,7.933333333,5.5,6.716666667,7.02,7.889901539,7.09
10219,522,2.5,10,6.25,7.52,8.919590643,7.23
10220,522,8.5,5.5,7,6.976666667,6.468253968,6.86
10221,522,3.977777778,10,6.988888889,3.453333333,8.946418341,6.59
10222,522,4.5,8,6.25,5.14,6.001984127,5.91
10223,522,9,10,9.5,8.443333333,7.486014716,8.73
10226,522,6.083333333,10,8.041666667,7,8.01984127,7.78
10227,522,9,10,9.5,7.176666667,7.050509607,8.31
10228,522,8.166666667,10,9.083333333,5.426666667,8.752649523,8.09
10230,522,5.166666667,10,7.583333333,7.35,7.94484127,7.62
10231,522,9,10,9.5,9.286666667,9.702380952,9.5
10232,522,7,10,8.5,6.706666667,9.986111111,8.42
10233,522,8,9,8.5,7.1,5.691938179,7.45
10234,522,4.25,10,7.125,6.38,9.574979114,7.55
10237,522,5.6,10,7.8,7.61,8.368325831,7.89
10238,522,5.255555556,0,2.627777778,6.833333333,5.580513784,5.02
10240,522,6.166666667,10,8.083333333,6.31,8.464285714,7.74
10169,524,3.9,10,6.95,7.026666667,8.977370722,7.48
10170,524,5.2,7.5,6.35,6.226666667,9.992063492,7.23
10171,524,10.5,9.5,9.75,9.276666667,9.952380952,9.68
10172,524,7.555555556,10,8.777777778,8.19,9.950654249,8.92
10174,524,0.755555556,7.5,4.127777778,5.613333333,8.493107769,5.59
10175,524,7,10,8.5,9.796666667,10,9.2
10176,524,9,10,9.5,7.303333333,9.965747703,9.07
10178,524,4.805555556,7,5.902777778,5.743333333,8.238685361,6.45
10179,524,6.333333333,7.5,6.916666667,8.68,8.428571429,7.74
10181,524,9.433333333,10,9.716666667,7.09,9.921766922,9.11
10183,524,5.277777778,2.75,4.013888889,5.27,6.943631409,5.06
10184,524,8.277777778,10,9.138888889,7.766666667,10,9.01
10185,524,6.055555556,7.5,6.777777778,8.6,8.197543099,7.59
10186,524,7.5,8,7.75,6.81,9.867069523,8.04
10187,524,5.555555556,8,6.777777778,5.896666667,7.329758495,6.7
10188,524,6.277777778,10,8.138888889,9.53,9.855419799,8.92
10189,524,3.916666667,10,6.958333333,6.11,7.845167489,6.97
10190,524,6.277777778,5,5.638888889,5.996666667,7.458552044,6.18
10191,524,9.5,10,9.75,8.813333333,9.934837093,9.56
10192,524,5.6,10,7.8,8.393333333,8.826577071,8.2
10193,524,8.833333333,10,9.416666667,8.15,9.727166529,9.18
10196,524,6,10,8,8.786666667,9.992481203,8.69
10197,524,7,10,8.5,7.796666667,8.543450342,8.34
10198,524,5,10,7.5,7.586666667,9.985284149,8.14
10200,524,5.166666667,10,7.583333333,5.443333333,8.047619048,7.16
10201,524,8.055555556,10,9.027777778,8.02,9.47039072,8.89
10202,524,5.5,10,7.75,6.676666667,8.019748947,7.55
10203,524,5.277777778,10,7.638888889,4.036666667,7.458005643,6.69
10204,524,7,10,8.5,7.976666667,9.854917106,8.71
10206,524,6.055555556,9.5,7.777777778,7.983333333,9.959498608,8.37
10208,524,9.5,10,9.75,9.473333333,9.874108348,9.71
10209,524,8.5,10,9.25,9.85,9.659858837,9.5
10210,524,5,10,7.5,7.196666667,9.265059981,7.87
10211,524,10.5,9,9.5,8.276666667,8.516716471,8.95
10212,524,9,8,8.5,7.92,6.866186299,7.95
10213,524,5.333333333,10,7.666666667,7.453333333,9.917124542,8.18
10214,524,8,10,9,8.246666667,8.958333333,8.8
10215,524,9,10,9.5,8.686666667,9.115355054,9.2
10216,524,8,7.5,7.75,9.023333333,8.523809524,8.26
10217,524,8.6,9.5,9.05,9.486666667,10,9.4
10218,524,7.933333333,5.5,6.716666667,7.02,7.889901539,7.09
10219,524,2.5,10,6.25,7.52,8.919590643,7.23
10221,524,3.977777778,10,6.988888889,3.453333333,8.946418341,6.59
10222,524,4.5,8,6.25,5.14,6.001984127,5.91
10223,524,9,10,9.5,8.443333333,7.486014716,8.73
10226,524,6.083333333,10,8.041666667,7,8.01984127,7.78
10227,524,9,10,9.5,7.176666667,7.050509607,8.31
10228,524,8.166666667,10,9.083333333,5.426666667,8.752649523,8.09
10230,524,5.166666667,10,7.583333333,7.35,7.94484127,7.62
10231,524,9,10,9.5,9.286666667,9.702380952,9.5
10232,524,7,10,8.5,6.706666667,9.986111111,8.42
10234,524,4.25,10,7.125,6.38,9.574979114,7.55
10237,524,5.6,10,7.8,7.61,8.368325831,7.89
10238,524,5.255555556,0,2.627777778,6.833333333,5.580513784,5.02
10240,524,6.166666667,10,8.083333333,6.31,8.464285714,7.74
10169,528,3.9,10,6.95,7.026666667,8.977370722,7.48
10170,528,5.2,7.5,6.35,6.226666667,9.992063492,7.23
10171,528,10.5,9.5,9.75,9.276666667,9.952380952,9.68
10172,528,7.555555556,10,8.777777778,8.19,9.950654249,8.92
10174,528,0.755555556,7.5,4.127777778,5.613333333,8.493107769,5.59
10175,528,7,10,8.5,9.796666667,10,9.2
10176,528,9,10,9.5,7.303333333,9.965747703,9.07
10178,528,4.805555556,7,5.902777778,5.743333333,8.238685361,6.45
10179,528,6.333333333,7.5,6.916666667,8.68,8.428571429,7.74
10181,528,9.433333333,10,9.716666667,7.09,9.921766922,9.11
10183,528,5.277777778,2.75,4.013888889,5.27,6.943631409,5.06
10184,528,8.277777778,10,9.138888889,7.766666667,10,9.01
10185,528,6.055555556,7.5,6.777777778,8.6,8.197543099,7.59
10186,528,7.5,8,7.75,6.81,9.867069523,8.04
10187,528,5.555555556,8,6.777777778,5.896666667,7.329758495,6.7
10188,528,6.277777778,10,8.138888889,9.53,9.855419799,8.92
10189,528,3.916666667,10,6.958333333,6.11,7.845167489,6.97
10190,528,6.277777778,5,5.638888889,5.996666667,7.458552044,6.18
10191,528,9.5,10,9.75,8.813333333,9.934837093,9.56
10192,528,5.6,10,7.8,8.393333333,8.826577071,8.2
10193,528,8.833333333,10,9.416666667,8.15,9.727166529,9.18
10196,528,6,10,8,8.786666667,9.992481203,8.69
10197,528,7,10,8.5,7.796666667,8.543450342,8.34
10198,528,5,10,7.5,7.586666667,9.985284149,8.14
10200,528,5.166666667,10,7.583333333,5.443333333,8.047619048,7.16
10201,528,8.055555556,10,9.027777778,8.02,9.47039072,8.89
10202,528,5.5,10,7.75,6.676666667,8.019748947,7.55
10203,528,5.277777778,10,7.638888889,4.036666667,7.458005643,6.69
10204,528,7,10,8.5,7.976666667,9.854917106,8.71
10206,528,6.055555556,9.5,7.777777778,7.983333333,9.959498608,8.37
10208,528,9.5,10,9.75,9.473333333,9.874108348,9.71
10209,528,8.5,10,9.25,9.85,9.659858837,9.5
10210,528,5,10,7.5,7.196666667,9.265059981,7.87
10211,528,10.5,9,9.5,8.276666667,8.516716471,8.95
10212,528,9,8,8.5,7.92,6.866186299,7.95
10213,528,5.333333333,10,7.666666667,7.453333333,9.917124542,8.18
10214,528,8,10,9,8.246666667,8.958333333,8.8
10215,528,9,10,9.5,8.686666667,9.115355054,9.2
10216,528,8,7.5,7.75,9.023333333,8.523809524,8.26
10217,528,8.6,9.5,9.05,9.486666667,10,9.4
10218,528,7.933333333,5.5,6.716666667,7.02,7.889901539,7.09
10219,528,2.5,10,6.25,7.52,8.919590643,7.23
10221,528,3.977777778,10,6.988888889,3.453333333,8.946418341,6.59
10222,528,4.5,8,6.25,5.14,6.001984127,5.91
10223,528,9,10,9.5,8.443333333,7.486014716,8.73
10226,528,6.083333333,10,8.041666667,7,8.01984127,7.78
10227,528,9,10,9.5,7.176666667,7.050509607,8.31
10228,528,8.166666667,10,9.083333333,5.426666667,8.752649523,8.09
10230,528,5.166666667,10,7.583333333,7.35,7.94484127,7.62
10231,528,9,10,9.5,9.286666667,9.702380952,9.5
10232,528,7,10,8.5,6.706666667,9.986111111,8.42
10234,528,4.25,10,7.125,6.38,9.574979114,7.55
10237,528,5.6,10,7.8,7.61,8.368325831,7.89
10238,528,5.255555556,0,2.627777778,6.833333333,5.580513784,5.02
10240,528,6.166666667,10,8.083333333,6.31,8.464285714,7.74
10169,534,3.9,10,6.95,7.026666667,8.977370722,7.48
10170,534,5.2,7.5,6.35,6.226666667,9.992063492,7.23
10171,534,10.5,9.5,9.75,9.276666667,9.952380952,9.68
10172,534,7.555555556,10,8.777777778,8.19,9.950654249,8.92
10174,534,0.755555556,7.5,4.127777778,5.613333333,8.493107769,5.59
10175,534,7,10,8.5,9.796666667,10,9.2
10176,534,9,10,9.5,7.303333333,9.965747703,9.07
10178,534,4.805555556,7,5.902777778,5.743333333,8.238685361,6.45
10179,534,6.333333333,7.5,6.916666667,8.68,8.428571429,7.74
10181,534,9.433333333,10,9.716666667,7.09,9.921766922,9.11
10183,534,5.277777778,2.75,4.013888889,5.27,6.943631409,5.06
10184,534,8.277777778,10,9.138888889,7.766666667,10,9.01
10185,534,6.055555556,7.5,6.777777778,8.6,8.197543099,7.59
10186,534,7.5,8,7.75,6.81,9.867069523,8.04
10187,534,5.555555556,8,6.777777778,5.896666667,7.329758495,6.7
10188,534,6.277777778,10,8.138888889,9.53,9.855419799,8.92
10189,534,3.916666667,10,6.958333333,6.11,7.845167489,6.97
10190,534,6.277777778,5,5.638888889,5.996666667,7.458552044,6.18
10191,534,9.5,10,9.75,8.813333333,9.934837093,9.56
10192,534,5.6,10,7.8,8.393333333,8.826577071,8.2
10193,534,8.833333333,10,9.416666667,8.15,9.727166529,9.18
10196,534,6,10,8,8.786666667,9.992481203,8.69
10197,534,7,10,8.5,7.796666667,8.543450342,8.34
10198,534,5,10,7.5,7.586666667,9.985284149,8.14
10199,534,10.5,10,10,7.22,7.588635286,8.7
10200,534,5.166666667,10,7.583333333,5.443333333,8.047619048,7.16
10201,534,8.055555556,10,9.027777778,8.02,9.47039072,8.89
10202,534,5.5,10,7.75,6.676666667,8.019748947,7.55
10204,534,7,10,8.5,7.976666667,9.854917106,8.71
10206,534,6.055555556,9.5,7.777777778,7.983333333,9.959498608,8.37
10208,534,9.5,10,9.75,9.473333333,9.874108348,9.71
10209,534,8.5,10,9.25,9.85,9.659858837,9.5
10210,534,5,10,7.5,7.196666667,9.265059981,7.87
10211,534,10.5,9,9.5,8.276666667,8.516716471,8.95
10213,534,5.333333333,10,7.666666667,7.453333333,9.917124542,8.18
10214,534,8,10,9,8.246666667,8.958333333,8.8
10215,534,9,10,9.5,8.686666667,9.115355054,9.2
10216,534,8,7.5,7.75,9.023333333,8.523809524,8.26
10217,534,8.6,9.5,9.05,9.486666667,10,9.4
10219,534,2.5,10,6.25,7.52,8.919590643,7.23
10220,534,8.5,5.5,7,6.976666667,6.468253968,6.86
10221,534,3.977777778,10,6.988888889,3.453333333,8.946418341,6.59
10223,534,9,10,9.5,8.443333333,7.486014716,8.73
10226,534,6.083333333,10,8.041666667,7,8.01984127,7.78
10227,534,9,10,9.5,7.176666667,7.050509607,8.31
10228,534,8.166666667,10,9.083333333,5.426666667,8.752649523,8.09
10230,534,5.166666667,10,7.583333333,7.35,7.94484127,7.62
10231,534,9,10,9.5,9.286666667,9.702380952,9.5
10232,534,7,10,8.5,6.706666667,9.986111111,8.42
10234,534,4.25,10,7.125,6.38,9.574979114,7.55
10237,534,5.6,10,7.8,7.61,8.368325831,7.89
10240,534,6.166666667,10,8.083333333,6.31,8.464285714,7.74
10169,538,3.9,10,6.95,7.026666667,8.977370722,7.48
10170,538,5.2,7.5,6.35,6.226666667,9.992063492,7.23
10171,538,10.5,9.5,9.75,9.276666667,9.952380952,9.68
10172,538,7.555555556,10,8.777777778,8.19,9.950654249,8.92
10175,538,7,10,8.5,9.796666667,10,9.2
10176,538,9,10,9.5,7.303333333,9.965747703,9.07
10181,538,9.433333333,10,9.716666667,7.09,9.921766922,9.11
10184,538,8.277777778,10,9.138888889,7.766666667,10,9.01
10186,538,7.5,8,7.75,6.81,9.867069523,8.04
10188,538,6.277777778,10,8.138888889,9.53,9.855419799,8.92
10189,538,3.916666667,10,6.958333333,6.11,7.845167489,6.97
10191,538,9.5,10,9.75,8.813333333,9.934837093,9.56
10192,538,5.6,10,7.8,8.393333333,8.826577071,8.2
10193,538,8.833333333,10,9.416666667,8.15,9.727166529,9.18
10196,538,6,10,8,8.786666667,9.992481203,8.69
10198,538,5,10,7.5,7.586666667,9.985284149,8.14
10199,538,10.5,10,10,7.22,7.588635286,8.7
10200,538,5.166666667,10,7.583333333,5.443333333,8.047619048,7.16
10201,538,8.055555556,10,9.027777778,8.02,9.47039072,8.89
10203,538,5.277777778,10,7.638888889,4.036666667,7.458005643,6.69
10204,538,7,10,8.5,7.976666667,9.854917106,8.71
10206,538,6.055555556,9.5,7.777777778,7.983333333,9.959498608,8.37
10208,538,9.5,10,9.75,9.473333333,9.874108348,9.71
10209,538,8.5,10,9.25,9.85,9.659858837,9.5
10210,538,5,10,7.5,7.196666667,9.265059981,7.87
10211,538,10.5,9,9.5,8.276666667,8.516716471,8.95
10213,538,5.333333333,10,7.666666667,7.453333333,9.917124542,8.18
10214,538,8,10,9,8.246666667,8.958333333,8.8
10215,538,9,10,9.5,8.686666667,9.115355054,9.2
10216,538,8,7.5,7.75,9.023333333,8.523809524,8.26
10217,538,8.6,9.5,9.05,9.486666667,10,9.4
10218,538,7.933333333,5.5,6.716666667,7.02,7.889901539,7.09
10219,538,2.5,10,6.25,7.52,8.919590643,7.23
10220,538,8.5,5.5,7,6.976666667,6.468253968,6.86
10221,538,3.977777778,10,6.988888889,3.453333333,8.946418341,6.59
10223,538,9,10,9.5,8.443333333,7.486014716,8.73
10226,538,6.083333333,10,8.041666667,7,8.01984127,7.78
10228,538,8.166666667,10,9.083333333,5.426666667,8.752649523,8.09
10230,538,5.166666667,10,7.583333333,7.35,7.94484127,7.62
10231,538,9,10,9.5,9.286666667,9.702380952,9.5
10232,538,7,10,8.5,6.706666667,9.986111111,8.42
10234,538,4.25,10,7.125,6.38,9.574979114,7.55
10240,538,6.166666667,10,8.083333333,6.31,8.464285714,7.74
10169,542,3.9,10,6.95,7.026666667,8.977370722,7.48
10170,542,5.2,7.5,6.35,6.226666667,9.992063492,7.23
10171,542,10.5,9.5,9.75,9.276666667,9.952380952,9.68
10172,542,7.555555556,10,8.777777778,8.19,9.950654249,8.92
10174,542,0.755555556,7.5,4.127777778,5.613333333,8.493107769,5.59
10175,542,7,10,8.5,9.796666667,10,9.2
10176,542,9,10,9.5,7.303333333,9.965747703,9.07
10178,542,4.805555556,7,5.902777778,5.743333333,8.238685361,6.45
10179,542,6.333333333,7.5,6.916666667,8.68,8.428571429,7.74
10181,542,9.433333333,10,9.716666667,7.09,9.921766922,9.11
10184,542,8.277777778,10,9.138888889,7.766666667,10,9.01
10185,542,6.055555556,7.5,6.777777778,8.6,8.197543099,7.59
10186,542,7.5,8,7.75,6.81,9.867069523,8.04
10188,542,6.277777778,10,8.138888889,9.53,9.855419799,8.92
10189,542,3.916666667,10,6.958333333,6.11,7.845167489,6.97
10190,542,6.277777778,5,5.638888889,5.996666667,7.458552044,6.18
10191,542,9.5,10,9.75,8.813333333,9.934837093,9.56
10192,542,5.6,10,7.8,8.393333333,8.826577071,8.2
10193,542,8.833333333,10,9.416666667,8.15,9.727166529,9.18
10196,542,6,10,8,8.786666667,9.992481203,8.69
10197,542,7,10,8.5,7.796666667,8.543450342,8.34
10198,542,5,10,7.5,7.586666667,9.985284149,8.14
10199,542,10.5,10,10,7.22,7.588635286,8.7
10201,542,8.055555556,10,9.027777778,8.02,9.47039072,8.89
10204,542,7,10,8.5,7.976666667,9.854917106,8.71
10206,542,6.055555556,9.5,7.777777778,7.983333333,9.959498608,8.37
10208,542,9.5,10,9.75,9.473333333,9.874108348,9.71
10209,542,8.5,10,9.25,9.85,9.659858837,9.5
10210,542,5,10,7.5,7.196666667,9.265059981,7.87
10213,542,5.333333333,10,7.666666667,7.453333333,9.917124542,8.18
10214,542,8,10,9,8.246666667,8.958333333,8.8
10215,542,9,10,9.5,8.686666667,9.115355054,9.2
10217,542,8.6,9.5,9.05,9.486666667,10,9.4
10218,542,7.933333333,5.5,6.716666667,7.02,7.889901539,7.09
10219,542,2.5,10,6.25,7.52,8.919590643,7.23
10221,542,3.977777778,10,6.988888889,3.453333333,8.946418341,6.59
10226,542,6.083333333,10,8.041666667,7,8.01984127,7.78
10228,542,8.166666667,10,9.083333333,5.426666667,8.752649523,8.09
10230,542,5.166666667,10,7.583333333,7.35,7.94484127,7.62
10231,542,9,10,9.5,9.286666667,9.702380952,9.5
10232,542,7,10,8.5,6.706666667,9.986111111,8.42
10234,542,4.25,10,7.125,6.38,9.574979114,7.55
10237,542,5.6,10,7.8,7.61,8.368325831,7.89
10240,542,6.166666667,10,8.083333333,6.31,8.464285714,7.74
10169,544,3.9,10,6.95,7.026666667,8.977370722,7.48
10170,544,5.2,7.5,6.35,6.226666667,9.992063492,7.23
10171,544,10.5,9.5,9.75,9.276666667,9.952380952,9.68
10172,544,7.555555556,10,8.777777778,8.19,9.950654249,8.92
10174,544,0.755555556,7.5,4.127777778,5.613333333,8.493107769,5.59
10175,544,7,10,8.5,9.796666667,10,9.2
10176,544,9,10,9.5,7.303333333,9.965747703,9.07
10178,544,4.805555556,7,5.902777778,5.743333333,8.238685361,6.45
10181,544,9.433333333,10,9.716666667,7.09,9.921766922,9.11
10184,544,8.277777778,10,9.138888889,7.766666667,10,9.01
10186,544,7.5,8,7.75,6.81,9.867069523,8.04
10188,544,6.277777778,10,8.138888889,9.53,9.855419799,8.92
10190,544,6.277777778,5,5.638888889,5.996666667,7.458552044,6.18
10191,544,9.5,10,9.75,8.813333333,9.934837093,9.56
10193,544,8.833333333,10,9.416666667,8.15,9.727166529,9.18
10196,544,6,10,8,8.786666667,9.992481203,8.69
10198,544,5,10,7.5,7.586666667,9.985284149,8.14
10201,544,8.055555556,10,9.027777778,8.02,9.47039072,8.89
10204,544,7,10,8.5,7.976666667,9.854917106,8.71
10206,544,6.055555556,9.5,7.777777778,7.983333333,9.959498608,8.37
10208,544,9.5,10,9.75,9.473333333,9.874108348,9.71
10209,544,8.5,10,9.25,9.85,9.659858837,9.5
10210,544,5,10,7.5,7.196666667,9.265059981,7.87
10213,544,5.333333333,10,7.666666667,7.453333333,9.917124542,8.18
10215,544,9,10,9.5,8.686666667,9.115355054,9.2
10217,544,8.6,9.5,9.05,9.486666667,10,9.4
10218,544,7.933333333,5.5,6.716666667,7.02,7.889901539,7.09
10221,544,3.977777778,10,6.988888889,3.453333333,8.946418341,6.59
10227,544,9,10,9.5,7.176666667,7.050509607,8.31
10231,544,9,10,9.5,9.286666667,9.702380952,9.5
10232,544,7,10,8.5,6.706666667,9.986111111,8.42
10234,544,4.25,10,7.125,6.38,9.574979114,7.55
10169,545,3.9,10,6.95,7.026666667,8.977370722,7.48
10170,545,5.2,7.5,6.35,6.226666667,9.992063492,7.23
10171,545,10.5,9.5,9.75,9.276666667,9.952380952,9.68
10172,545,7.555555556,10,8.777777778,8.19,9.950654249,8.92
10175,545,7,10,8.5,9.796666667,10,9.2
10176,545,9,10,9.5,7.303333333,9.965747703,9.07
10178,545,4.805555556,7,5.902777778,5.743333333,8.238685361,6.45
10181,545,9.433333333,10,9.716666667,7.09,9.921766922,9.11
10184,545,8.277777778,10,9.138888889,7.766666667,10,9.01
10186,545,7.5,8,7.75,6.81,9.867069523,8.04
10188,545,6.277777778,10,8.138888889,9.53,9.855419799,8.92
10190,545,6.277777778,5,5.638888889,5.996666667,7.458552044,6.18
10191,545,9.5,10,9.75,8.813333333,9.934837093,9.56
10193,545,8.833333333,10,9.416666667,8.15,9.727166529,9.18
10196,545,6,10,8,8.786666667,9.992481203,8.69
10198,545,5,10,7.5,7.586666667,9.985284149,8.14
10199,545,10.5,10,10,7.22,7.588635286,8.7
10201,545,8.055555556,10,9.027777778,8.02,9.47039072,8.89
10203,545,5.277777778,10,7.638888889,4.036666667,7.458005643,6.69
10204,545,7,10,8.5,7.976666667,9.854917106,8.71
10206,545,6.055555556,9.5,7.777777778,7.983333333,9.959498608,8.37
10208,545,9.5,10,9.75,9.473333333,9.874108348,9.71
10209,545,8.5,10,9.25,9.85,9.659858837,9.5
10210,545,5,10,7.5,7.196666667,9.265059981,7.87
10213,545,5.333333333,10,7.666666667,7.453333333,9.917124542,8.18
10215,545,9,10,9.5,8.686666667,9.115355054,9.2
10217,545,8.6,9.5,9.05,9.486666667,10,9.4
10221,545,3.977777778,10,6.988888889,3.453333333,8.946418341,6.59
10226,545,6.083333333,10,8.041666667,7,8.01984127,7.78
10227,545,9,10,9.5,7.176666667,7.050509607,8.31
10231,545,9,10,9.5,9.286666667,9.702380952,9.5
10232,545,7,10,8.5,6.706666667,9.986111111,8.42
10234,545,4.25,10,7.125,6.38,9.574979114,7.55
